name_ar,name_en,sector,region,classification,matched_pattern,confidence,website
البنك الأهلي السعودي,SNB,الخدمات المالية,منطقة الرياض,private,default,low,https://www.alahli.com
مصرف الراجحي,Al Rajhi Bank,الخدمات المالية,منطقة الرياض,private,default,low,https://www.alrajhibank.com.sa
بنك الرياض,Riyad Bank,الخدمات المالية,منطقة الرياض,private,default,low,https://www.riyadbank.com
البنك الأول,SAB,الخدمات المالية,منطقة الرياض,private,default,low,https://www.sab.com
مصرف الإنماء,Alinma Bank,الخدمات المالية,منطقة الرياض,private,default,low,https://www.alinma.com
البنك السعودي الفرنسي,Banque Saudi Fransi,الخدمات المالية,منطقة الرياض,private,default,low,https://www.alfransi.com.sa
بنك البلاد,Bank Albilad,الخدمات المالية,منطقة الرياض,private,default,low,https://www.bankalbilad.com
البنك العربي الوطني,ANB,الخدمات المالية,منطقة الرياض,private,default,low,https://www.anb.com.sa
البنك السعودي للاستثمار,SAIB,الخدمات المالية,منطقة الرياض,private,default,low,https://www.saib.com.sa
بنك الجزيرة,Bank AlJazira,الخدمات المالية,منطقة مكة المكرمة,private,default,low,https://www.aljazirabank.com.sa
بنك الخليج الدولي,GIB Saudi Arabia,الخدمات المالية,المنطقة الشرقية,private,default,low,https://www.gib.com
شركة إس تي سي باي,stc pay,الخدمات المالية,منطقة الرياض,private,default,low,https://stcpay.com.sa
شركة يورباي,urpay,الخدمات المالية,منطقة الرياض,private,default,low,https://urpay.com.sa
الأهلي المالية,SNB Capital,الخدمات المالية,منطقة الرياض,private,default,low,https://www.alahlicapital.com
الراجحي المالية,Al Rajhi Capital,الخدمات المالية,منطقة الرياض,private,default,low,https://www.alrajhi-capital.com
مجموعة سيرا,Seera Group,السياحة والضيافة والثقافة,منطقة الرياض,private,default,low,https://www.seera.sa
شركة المسافر,Almosafer,السياحة والضيافة والثقافة,منطقة الرياض,private,default,low,https://www.almosafer.com
طيبة للاستثمار,Taiba Investments,الخدمات المالية,منطقة المدينة المنورة,private,default,low,https://www.taiba.com.sa
دور للضيافة,Dur Hospitality,الرعاية الصحية وعلوم الحياة,منطقة الرياض,private,default,low,https://www.dur.sa
مجموعة الخزامى,Al Khozama Group,السياحة والضيافة والثقافة,منطقة الرياض,private,default,low,https://www.alkhozama.com
كروز السعودية,Cruise Saudi,السياحة والضيافة والثقافة,منطقة مكة المكرمة,semi_government,semi:كروز السعودية,high,https://www.cruisesaudi.com
شركة أسفار,ASFAR,السياحة والضيافة والثقافة,منطقة الرياض,private,default,low,https://asfar.com
مجموعة بوتيك,Boutique Group,السياحة والضيافة والثقافة,منطقة الرياض,private,default,low,https://www.boutiquegroup.com
شركة دان,Dan Company,السياحة والضيافة والثقافة,منطقة الرياض,private,default,low,https://dancompany.sa
مجموعة الحكير للسياحة والتنمية,Alhokair Group,السياحة والضيافة والثقافة,منطقة الرياض,private,default,low,https://www.alhokair.com
البحر الأحمر الدولية للضيافة,Red Sea Global Hospitality,الرعاية الصحية وعلوم الحياة,منطقة الرياض,semi_government,semi:البحر الأحمر الدولية,high,https://www.redseaglobalhospitality.com
أرويا كروز,AROYA Cruises,السياحة والضيافة والثقافة,منطقة مكة المكرمة,private,default,low,https://aroya.com
مجموعة إس تي سي,stc Group,التقنية والاقتصاد الرقمي,منطقة الرياض,private,default,low,https://www.stc.com.sa
شركة موبايلي,Mobily,التقنية والاقتصاد الرقمي,منطقة الرياض,private,default,low,https://www.mobily.com.sa
زين السعودية,Zain KSA,التقنية والاقتصاد الرقمي,منطقة الرياض,private,default,low,https://sa.zain.com
شركة عِلم,Elm,التقنية والاقتصاد الرقمي,منطقة الرياض,semi_government,semi:شركة عِلم,high,https://www.elm.sa
الشركة السعودية للذكاء الاصطناعي,SCAI,التقنية والاقتصاد الرقمي,منطقة الرياض,private,default,low,https://scai.sa
الشركة السعودية لتقنية المعلومات,SITE,التقنية والاقتصاد الرقمي,منطقة الرياض,private,default,low,https://site.sa
شركة ثقة,Thiqah,التقنية والاقتصاد الرقمي,منطقة الرياض,semi_government,semi:شركة ثقة,high,https://thiqah.sa
شركة لين لخدمات الأعمال,Lean,التقنية والاقتصاد الرقمي,منطقة الرياض,private,default,low,https://lean.sa
الشركة السعودية للتحكم التقني والأمني,Tahakom,التقنية والاقتصاد الرقمي,منطقة الرياض,private,default,low,https://www.tahakom.com
سلوشنز باي إس تي سي,solutions by stc,التقنية والاقتصاد الرقمي,منطقة الرياض,private,default,low,https://solutions.com.sa
شركة سرار,sirar by stc,التقنية والاقتصاد الرقمي,منطقة الرياض,private,default,low,https://sirar.com.sa
المُعَمَّر لأنظمة المعلومات,MIS,التقنية والاقتصاد الرقمي,منطقة الرياض,private,default,low,https://www.mis.com.sa
أنظمة الحاسب الآلي العربي,ACS,التقنية والاقتصاد الرقمي,منطقة الرياض,private,default,low,https://www.acs.com.sa
شركة إجادة للنظم,Ejada Systems,التقنية والاقتصاد الرقمي,منطقة الرياض,private,default,low,https://www.ejada.com
ديتاساد,DETASAD,التقنية والاقتصاد الرقمي,منطقة الرياض,private,default,low,https://detasad.com.sa
منصة سلة,Salla,التقنية والاقتصاد الرقمي,منطقة مكة المكرمة,private,default,low,https://salla.com
شركة يونيفونيك,Unifonic,التقنية والاقتصاد الرقمي,منطقة الرياض,private,private_override:يونيفونيك,high,https://www.unifonic.com
شركة توال,TAWAL,التقنية والاقتصاد الرقمي,منطقة الرياض,private,default,low,https://tawal.com.sa
شركة مُزن,Mozn,التقنية والاقتصاد الرقمي,منطقة الرياض,private,default,low,https://mozn.sa
شركة لوسيديا,Lucidya,التقنية والاقتصاد الرقمي,منطقة الرياض,private,default,low,https://lucidya.com
شركة سال السعودية للخدمات اللوجستية,SAL,الخدمات اللوجستية والنقل,منطقة مكة المكرمة,private,default,low,https://sal.sa
الشركة الوطنية للسعودية للنقل البحري,Bahri,الخدمات المهنية والاستشارية,منطقة الرياض,semi_government,semi:الشركة الوطنية للسعودية للنقل البحري,high,https://www.bahri.sa
الخطوط الحديدية السعودية,SAR,التعدين والمعادن والمواد,منطقة الرياض,semi_government,semi:الخطوط الحديدية السعودية,high,https://www.sar.com.sa
شركة سمسا إكسبرس,SMSA Express,الترفيه والرياضة والإعلام,منطقة الرياض,private,default,low,https://www.smsaexpress.com
شركة ناقل إكسبرس,Naqel Express,الترفيه والرياضة والإعلام,منطقة الرياض,private,default,low,https://www.naqelexpress.com
الشركة السعودية للنقل الجماعي,SAPTCO,الخدمات اللوجستية والنقل,منطقة الرياض,private,default,low,https://www.saptco.com.sa
السعودية للشحن,Saudia Cargo,الخدمات اللوجستية والنقل,منطقة مكة المكرمة,semi_government,semi:السعودية للشحن,high,https://www.saudiacargo.com
شركة مطارات القابضة,MATARAT Holding,الخدمات اللوجستية والنقل,منطقة الرياض,private,default,low,https://www.matarat.com.sa
طيران الرياض,Riyadh Air,الخدمات اللوجستية والنقل,منطقة الرياض,private,default,low,https://www.riyadhair.com
طيران ناس,flynas,الخدمات اللوجستية والنقل,منطقة الرياض,semi_government,semi:طيران ناس,high,https://www.flynas.com
زاجل إكسبرس,Zajil Express,الترفيه والرياضة والإعلام,منطقة الرياض,private,default,low,https://zajil-express.com
أرامكس السعودية,Aramex KSA,الخدمات اللوجستية والنقل,منطقة الرياض,private,default,low,https://www.aramex.com
محطة بوابة البحر الأحمر,RSGT,العقار والتطوير الحضري,منطقة مكة المكرمة,private,default,low,https://www.rsgt.com
باتك للاستثمار والأعمال اللوجستية,BATIC,الخدمات المالية,منطقة الرياض,private,default,low,https://www.batic.com.sa
المجدوعي للوجستيات,Almajdouie Logistics,الخدمات اللوجستية والنقل,المنطقة الشرقية,private,default,low,https://almajdouie.com
الشركة السعودية العالمية للموانئ,SGP,الخدمات اللوجستية والنقل,المنطقة الشرقية,semi_government,semi:الشركة السعودية العالمية للموانئ,high,https://www.sgp.com.sa
مجموعة الدكتور سليمان الحبيب الطبية,Dr. Sulaiman Al Habib Medical Group,الرعاية الصحية وعلوم الحياة,منطقة الرياض,private,default,low,https://hmg.com
شركة النهدي الطبية,Nahdi Medical Company,الرعاية الصحية وعلوم الحياة,منطقة مكة المكرمة,private,default,low,https://www.nahdi.sa
مستشفيات السعودي الألماني الطبية,Saudi German Health,الرعاية الصحية وعلوم الحياة,منطقة مكة المكرمة,private,default,low,https://saudigermanhealth.com
شركة الدواء للخدمات الطبية المحدودة,Aldawaa Medical Services,الرعاية الصحية وعلوم الحياة,المنطقة الشرقية,private,default,low,https://www.al-dawaa.com.sa
مجموعة دله الصحية,Dallah Healthcare Group,الرعاية الصحية وعلوم الحياة,منطقة الرياض,private,default,low,https://www.dallahhealth.com
شركة المواساة للخدمات الطبية,Mouwasat Medical Services,الرعاية الصحية وعلوم الحياة,المنطقة الشرقية,private,default,low,https://www.mouwasat.com
الشركة الوطنية للرعاية الطبية - رعاية,National Medical Care - CARE,الرعاية الصحية وعلوم الحياة,منطقة الرياض,private,default,low,https://care.med.sa
مجموعة فقيه للرعاية الصحية,Fakeeh Care Group,الرعاية الصحية وعلوم الحياة,منطقة مكة المكرمة,private,default,low,https://fakeeh.care
الشركة السعودية للصناعات الدوائية والمستلزمات الطبية,SPIMACO,الرعاية الصحية وعلوم الحياة,منطقة الرياض,private,default,low,https://www.spimaco.com.sa
شركة تبوك للصناعات الدوائية,Tabuk Pharmaceuticals,الرعاية الصحية وعلوم الحياة,منطقة الرياض,private,default,low,https://www.tabukpharma.com
مصنع جمجوم للأدوية,Jamjoom Pharma,الرعاية الصحية وعلوم الحياة,منطقة مكة المكرمة,private,default,low,https://www.jamjoompharma.com
الشركة الوطنية للشراء الموحد للأدوية,NUPCO,الرعاية الصحية وعلوم الحياة,منطقة الرياض,private,default,low,https://nupco.com
مستشفيات المانع العامة,Almana General Hospitals,الرعاية الصحية وعلوم الحياة,المنطقة الشرقية,private,default,low,https://almanahospital.com.sa
مركز جونز هوبكنز أرامكو الطبي,JHAH,القطاع الحكومي والعام,المنطقة الشرقية,semi_government,semi:أرامكو,high,https://www.jhah.com
مستشفى الملك فيصل التخصصي ومركز الأبحاث,KFSH&RC,الرعاية الصحية وعلوم الحياة,منطقة الرياض,semi_government,semi:مستشفى الملك فيصل التخصصي,high,https://www.kfshrc.edu.sa
الشركة السعودية للصناعات العسكرية,SAMI,الدفاع والطيران والفضاء,منطقة الرياض,semi_government,semi:الشركة السعودية للصناعات العسكرية,high,https://www.sami.com.sa
الهيئة العامة للصناعات العسكرية,GAMI,الدفاع والطيران والفضاء,منطقة الرياض,government,gov:الهيئة العامة للصناعات العسكرية,high,https://www.gami.gov.sa
الهيئة العامة للتطوير الدفاعي,GADD,الدفاع والطيران والفضاء,منطقة الرياض,private,default,low,https://www.gadd.gov.sa
المؤسسة العامة للصناعات العسكرية,MIC,الدفاع والطيران والفضاء,منطقة الرياض,government,gov:المؤسسة العامة,high,https://www.mic.gov.sa
شركة الإلكترونيات المتقدمة,SAMI AEC,الدفاع والطيران والفضاء,منطقة الرياض,private,private_override:الإلكترونيات المتقدمة,high,https://www.samiaec.com
شركة السلام لصناعة الطيران,Alsalam Aerospace,الخدمات اللوجستية والنقل,منطقة الرياض,private,default,low,https://www.alsalam.aero
الشركة الوطنية للأنظمة الميكانيكية,NCMS,التقنية والاقتصاد الرقمي,منطقة الرياض,private,default,low,https://www.ncms.sa
شركة انترا للتقنيات الدفاعية,INTRA Defense,الدفاع والطيران والفضاء,منطقة الرياض,private,default,low,https://www.intradefense.com
سامي نافانتيا للصناعات البحرية,SAMI-Navantia,الدفاع والطيران والفضاء,منطقة الرياض,semi_government,semi:سامي,high,https://saminavantia.com.sa
الشركة السعودية للصناعات الكيميائية,Saudi Chemical,الدفاع والطيران والفضاء,منطقة الرياض,private,default,low,https://saudichemical.com
بي إيه إي سيستمز السعودية,BAE Systems Saudi Arabia,الدفاع والطيران والفضاء,منطقة الرياض,private,default,low,https://www.baesystems.com
لوكهيد مارتن السعودية,Lockheed Martin Saudi Arabia,الدفاع والطيران والفضاء,منطقة الرياض,private,default,low,https://www.lockheedmartin.com
تاليس السعودية,Thales Saudi Arabia,الدفاع والطيران والفضاء,منطقة الرياض,private,default,low,https://www.thalesgroup.com
شركة بوينغ السعودية,Boeing Saudi Arabia,الدفاع والطيران والفضاء,منطقة الرياض,private,default,low,https://www.boeing.sa
ريثيون السعودية - آر تي إكس,Raytheon - RTX,الدفاع والطيران والفضاء,منطقة الرياض,private,default,low,https://www.rtx.com
شركة مشاريع الترفيه السعودية,SEVEN,الترفيه والرياضة والإعلام,منطقة الرياض,private,default,low,https://seven.sa
شركة صلة,Sela,الترفيه والرياضة والإعلام,منطقة مكة المكرمة,private,default,low,https://sela.sa
مجموعة سافي للألعاب الإلكترونية,Savvy Games Group,الترفيه والرياضة والإعلام,منطقة الرياض,semi_government,semi:سافي للألعاب,high,https://savvygames.com
شركة القدية للاستثمار,Qiddiya,الخدمات المالية,منطقة الرياض,semi_government,semi:القدية,high,https://qiddiya.com
شركة سرج للاستثمارات الرياضية,SRJ Sports Investments,الخدمات المالية,منطقة الرياض,private,default,low,https://srjsports.com
الهيئة العامة للترفيه,GEA,القطاع الحكومي والعام,منطقة الرياض,government,gov:الهيئة العامة للترفيه,high,https://www.gea.gov.sa
وزارة الرياضة,Ministry of Sport,الترفيه والرياضة والإعلام,منطقة الرياض,government,gov:وزارة,high,https://www.mos.gov.sa
الاتحاد السعودي للرياضات الإلكترونية,SEF,الترفيه والرياضة والإعلام,منطقة الرياض,private,default,low,https://saudiesports.sa
مدل بيست,MDLBEAST,الترفيه والرياضة والإعلام,منطقة الرياض,private,default,low,https://mdlbeast.com
موفي سينما,muvi Cinemas,الترفيه والرياضة والإعلام,منطقة الرياض,private,default,low,https://www.muvicinemas.com
جولف السعودية,Golf Saudi,الترفيه والرياضة والإعلام,منطقة الرياض,private,default,low,https://www.golfsaudi.com
أكاديمية مهد الرياضية,Mahd Sports Academy,الترفيه والرياضة والإعلام,منطقة الرياض,semi_government,semi:أكاديمية مهد,high,https://mahdacademy.sa
مجموعة فقيه للترفيه,Tarfeeh Fakieh,الترفيه والرياضة والإعلام,منطقة مكة المكرمة,private,default,low,https://www.tarfeehfakieh.com
فوكس سينما السعودية,VOX Cinemas KSA,الترفيه والرياضة والإعلام,منطقة الرياض,private,default,low,https://ksa.voxcinemas.com
نادي الهلال السعودي,Al-Hilal Saudi Club,الترفيه والرياضة والإعلام,منطقة الرياض,private,default,low,https://alhilal.com
شركة أكوا باور,ACWA Power,الطاقة والمرافق والمياه,منطقة الرياض,private,default,low,https://www.acwapower.com
الشركة السعودية للكهرباء,SEC,الطاقة والمرافق والمياه,منطقة الرياض,semi_government,semi:الشركة السعودية للكهرباء,high,https://www.se.com.sa
شركة المياه الوطنية,NWC,الطاقة والمرافق والمياه,منطقة الرياض,semi_government,semi:شركة المياه الوطنية,high,https://www.nwc.com.sa
إينوا - شركة نيوم للطاقة والمياه,ENOWA,الطاقة والمرافق والمياه,منطقة تبوك,semi_government,semi:نيوم,high,https://enowa.neom.com
شركة مرافق,Marafiq,الطاقة والمرافق والمياه,المنطقة الشرقية,private,default,low,https://www.marafiq.com.sa
الشركة السعودية لشراكات المياه,SWPC,الطاقة والمرافق والمياه,منطقة الرياض,semi_government,semi:الشركة السعودية لشراكات المياه,high,https://www.swpc.sa
شركة نقل وتقنيات المياه,WTTCO,الطاقة والمرافق والمياه,منطقة الرياض,private,default,low,https://wttco.com
شركة الفنار,Alfanar,الطاقة والمرافق والمياه,منطقة الرياض,private,default,low,https://www.alfanar.com
شركة تقنيات الصحراء,Desert Technologies,الطاقة والمرافق والمياه,منطقة مكة المكرمة,private,default,low,https://desert-technologies.com
الخريّف لتقنية المياه والطاقة,AWPT,التقنية والاقتصاد الرقمي,منطقة الرياض,private,default,low,https://www.awpt.com.sa
الشركة السعودية لتبريد المناطق,Saudi Tabreed,الطاقة والمرافق والمياه,المنطقة الشرقية,private,default,low,https://sauditabreed.com
مدينة الملك سلمان للطاقة,SPARK,الطاقة والمرافق والمياه,المنطقة الشرقية,private,default,low,https://www.spark.sa
شركة فاس للطاقة,FAS Energy,الطاقة والمرافق والمياه,منطقة الرياض,private,default,low,https://www.fasenergy.com
فيجن إنفست,Vision Invest,الطاقة والمرافق والمياه,منطقة الرياض,private,default,low,https://visioninvest.com
سيمنز للطاقة السعودية,Siemens Energy Saudi Arabia,الطاقة والمرافق والمياه,منطقة الرياض,private,default,low,https://www.siemens-energy.com
شركة التعدين العربية السعودية - معادن,Ma'aden,التعدين والمعادن والمواد,منطقة الرياض,semi_government,semi:معادن,high,https://www.maaden.com.sa
شركة المصانع الكبرى للتعدين - أماك,AMAK,التعدين والمعادن والمواد,منطقة نجران,private,default,low,https://www.amak.com.sa
الشركة السعودية للحديد والصلب - حديد,Hadeed,التعدين والمعادن والمواد,المنطقة الشرقية,private,default,low,https://www.hadeed.com.sa
شركة الراجحي للصناعات الحديدية,Al Rajhi Steel,التعدين والمعادن والمواد,منطقة الرياض,private,default,low,https://www.alrajhisteel.com
شركة الزامل للحديد,Zamil Steel,التعدين والمعادن والمواد,المنطقة الشرقية,private,default,low,https://www.zamilsteel.com
شركة الاتفاق للصناعات الحديدية,ISPC,التعدين والمعادن والمواد,المنطقة الشرقية,private,default,low,https://www.ispc.com.sa
أرسيلور ميتال الجبيل,ArcelorMittal Jubail,التعدين والمعادن والمواد,المنطقة الشرقية,private,default,low,https://jubail.arcelormittal.com
الشركة السعودية لأنابيب الصلب,Saudi Steel Pipe - SSP,التعدين والمعادن والمواد,المنطقة الشرقية,private,default,low,https://www.sspipe.com
شركة صلب ستيل,Solb Steel,التعدين والمعادن والمواد,منطقة جازان,private,default,low,https://www.solbsteel.com
الشركة العالمية لطلاء المعادن - يونيكويل,UNICOIL,النفط والغاز والبتروكيماويات,المنطقة الشرقية,private,private_override:يونيكويل,high,https://www.unicoil.com.sa
مسبك السعودية - سعودي كاست,Saudi Cast,التعدين والمعادن والمواد,منطقة الرياض,private,default,low,https://www.saudicast.com
الشركة الوطنية لصناعة الأنابيب,National Pipe Company,التعدين والمعادن والمواد,المنطقة الشرقية,private,default,low,https://www.npc.com.sa
شركة نيوم,NEOM,العقار والتطوير الحضري,منطقة تبوك,semi_government,semi:نيوم,high,https://www.neom.com
البحر الأحمر الدولية,Red Sea Global,العقار والتطوير الحضري,منطقة الرياض,semi_government,semi:البحر الأحمر الدولية,high,https://www.redseaglobal.com
شركة الدرعية,Diriyah Company,العقار والتطوير الحضري,منطقة الرياض,semi_government,semi:شركة الدرعية,high,https://www.diriyahcompany.sa
مجموعة روشن,ROSHN Group,العقار والتطوير الحضري,منطقة الرياض,semi_government,semi:روشن,high,https://www.roshn.sa
شركة المربع الجديد,New Murabba,العقار والتطوير الحضري,منطقة الرياض,private,default,low,https://www.newmurabba.com
شركة رؤى المدينة القابضة,Rua Al Madinah,العقار والتطوير الحضري,منطقة المدينة المنورة,private,default,low,https://www.ruaalmadinah.com
شركة تطوير وسط جدة,Jeddah Central,العقار والتطوير الحضري,منطقة مكة المكرمة,private,default,low,https://www.jeddahcentral.com
شركة داون تاون السعودية,Saudi Downtown,العقار والتطوير الحضري,منطقة الرياض,private,default,low,https://www.saudidowntown.com.sa
إدارة مركز الملك عبدالله المالي,KAFD,العقار والتطوير الحضري,منطقة الرياض,private,default,low,https://www.kafd.sa
مدينة محمد بن سلمان غير الربحية,Misk City,التقنية والاقتصاد الرقمي,منطقة الرياض,semi_government,semi:MiSK,high,https://www.miskcity.sa
دار الأركان للتطوير العقاري,Dar Al Arkan,العقار والتطوير الحضري,منطقة الرياض,private,private_override:دار الأركان,high,https://www.daralarkan.com
شركة جبل عمر للتطوير,Jabal Omar,العقار والتطوير الحضري,منطقة مكة المكرمة,private,private_override:جبل عمر,high,https://www.jabalomar.com.sa
الشركة العقارية السعودية,Al Akaria,العقار والتطوير الحضري,منطقة الرياض,private,default,low,https://www.alakaria.com
ريتال للتطوير العمراني,Retal,العقار والتطوير الحضري,المنطقة الشرقية,private,private_override:ريتال للتطوير العمراني,high,https://www.retal.com.sa
شركة كينان الدولية للتطوير العقاري,Kinan,العقار والتطوير الحضري,منطقة مكة المكرمة,private,private_override:كينان الدولية,high,https://www.kinan.com.sa
الهيئة العامة للطيران المدني,GACA,الخدمات اللوجستية والنقل,منطقة الرياض,government,gov:الهيئة العامة للطيران المدني,high,https://gaca.gov.sa
مجموعة السعودية,Saudia Group,الخدمات اللوجستية والنقل,منطقة مكة المكرمة,semi_government,semi:مجموعة السعودية,high,https://www.saudia.com
طيران أديل,flyadeal,الخدمات اللوجستية والنقل,منطقة مكة المكرمة,semi_government,semi:طيران أديل,high,https://www.flyadeal.com
شركة مطارات الرياض,Riyadh Airports,الخدمات اللوجستية والنقل,منطقة الرياض,private,default,low,https://www.riyadhairports.com
شركة مطارات جدة,Jeddah Airports,الخدمات اللوجستية والنقل,منطقة مكة المكرمة,private,default,low,https://jeddahairports.sa
شركة مطارات الدمام,DACO,الخدمات اللوجستية والنقل,المنطقة الشرقية,private,default,low,https://daco.sa
شركة تجمع مطارات الثاني,Cluster 2,الخدمات اللوجستية والنقل,منطقة الرياض,private,default,low,https://cluster2.sa
شركة الطائرات المروحية,THC,الخدمات اللوجستية والنقل,منطقة الرياض,private,default,low,https://www.thehelicoptercompany.com.sa
خدمات الملاحة الجوية السعودية,SANS,الخدمات اللوجستية والنقل,منطقة مكة المكرمة,private,default,low,https://sans.com.sa
السعودية لهندسة الطيران,Saudia Technic,التشييد والهندسة والبنية التحتية,منطقة مكة المكرمة,semi_government,semi:السعودية لهندسة الطيران,high,https://saudiatechnic.com
الشركة السعودية للخدمات الأرضية,SGS,الخدمات اللوجستية والنقل,منطقة مكة المكرمة,private,default,low,https://www.saudiags.com
أكاديمية الأمير سلطان لعلوم الطيران,PSAA,التعليم وتنمية رأس المال البشري,منطقة مكة المكرمة,private,default,low,https://psaa.com.sa
شركة آلات للصناعات المتقدمة,Alat,الصناعة والتصنيع,منطقة الرياض,private,default,low,https://alat.com
مكتبة جرير,Jarir Bookstore,التجزئة والتجارة الإلكترونية والخدمات الاستهلاكية,منطقة الرياض,private,default,low,https://www.jarir.com
سينومي ريتيل,Cenomi Retail,التجزئة والتجارة الإلكترونية والخدمات الاستهلاكية,منطقة الرياض,private,default,low,https://www.cenomiretail.com
أسواق عبدالله العثيم,Abdullah AlOthaim Markets,التجزئة والتجارة الإلكترونية والخدمات الاستهلاكية,منطقة الرياض,private,default,low,https://www.alothaimmarkets.com
شركة بنده للتجزئة,Panda Retail Company,التجزئة والتجارة الإلكترونية والخدمات الاستهلاكية,منطقة مكة المكرمة,private,default,low,https://panda.com.sa
إكسترا - الشركة المتحدة للإلكترونيات,eXtra,التجزئة والتجارة الإلكترونية والخدمات الاستهلاكية,المنطقة الشرقية,private,default,low,https://www.extra.com
بن داود القابضة,BinDawood Holding,التجزئة والتجارة الإلكترونية والخدمات الاستهلاكية,منطقة مكة المكرمة,private,default,low,https://www.bindawoodholding.com
ساكو - الشركة السعودية للعدد والأدوات,SACO,التجزئة والتجارة الإلكترونية والخدمات الاستهلاكية,منطقة الرياض,private,default,low,https://www.saco.sa
السيف غاليري,Alsaif Gallery,التجزئة والتجارة الإلكترونية والخدمات الاستهلاكية,منطقة الرياض,private,default,low,https://alsaifgallery.com
أمازون السعودية,Amazon KSA,التجزئة والتجارة الإلكترونية والخدمات الاستهلاكية,منطقة الرياض,private,default,low,https://www.amazon.sa
شركة نون,noon,التجزئة والتجارة الإلكترونية والخدمات الاستهلاكية,منطقة الرياض,private,default,low,https://www.noon.com
شركة جاهز الدولية,Jahez,التجزئة والتجارة الإلكترونية والخدمات الاستهلاكية,منطقة الرياض,private,default,low,https://www.jahez.net
هنقرستيشن,HungerStation,التجزئة والتجارة الإلكترونية والخدمات الاستهلاكية,منطقة الرياض,private,default,low,https://hungerstation.com
تطبيق نعناع,Nana,التجزئة والتجارة الإلكترونية والخدمات الاستهلاكية,منطقة الرياض,private,default,low,https://www.nana.sa
منصة زد للتجارة الإلكترونية,Zid,التقنية والاقتصاد الرقمي,منطقة الرياض,private,default,low,https://zid.sa
نايس ون,Nice One,التجزئة والتجارة الإلكترونية والخدمات الاستهلاكية,منطقة الرياض,private,default,low,https://niceonesa.com
شركة المراعي,Almarai,الغذاء والزراعة والاستزراع المائي,منطقة الرياض,private,default,low,https://www.almarai.com
الشركة الوطنية للتنمية الزراعية - نادك,NADEC,الغذاء والزراعة والاستزراع المائي,منطقة الرياض,private,default,low,https://www.nadec.com
مجموعة صافولا,Savola Group,الغذاء والزراعة والاستزراع المائي,منطقة مكة المكرمة,private,default,low,https://www.savola.com
الشركة السعودية للاستثمار الزراعي والإنتاج الحيواني,SALIC,الخدمات المالية,منطقة الرياض,private,default,low,https://salic.com
الشركة السعودية لمنتجات الألبان والأغذية,SADAFCO,التجزئة والتجارة الإلكترونية والخدمات الاستهلاكية,منطقة مكة المكرمة,private,default,low,https://www.sadafco.com
شركة التنمية الغذائية,Tanmiah Food Company,الغذاء والزراعة والاستزراع المائي,منطقة الرياض,private,default,low,https://www.tanmiah.com
شركة دواجن الوطنية,Al Watania Poultry,الغذاء والزراعة والاستزراع المائي,منطقة القصيم,private,default,low,https://www.al-watania.com
شركة أراسكو,ARASCO,الغذاء والزراعة والاستزراع المائي,منطقة الرياض,private,default,low,https://www.arasco.com
شركة المنجم للأغذية,Almunajem Foods,التجزئة والتجارة الإلكترونية والخدمات الاستهلاكية,منطقة الرياض,private,default,low,https://almunajemfoods.com
شركة الجوف للتنمية الزراعية,JADCO,الغذاء والزراعة والاستزراع المائي,منطقة الجوف,private,default,low,https://www.aljouf.com.sa
حلواني إخوان,Halwani Bros,الغذاء والزراعة والاستزراع المائي,منطقة مكة المكرمة,private,default,low,https://www.halwani.com.sa
مزارع فقيه للدواجن,Fakieh Farms,الغذاء والزراعة والاستزراع المائي,منطقة مكة المكرمة,private,default,low,https://www.fakiehfarms.com
شركة الربيع السعودية للأغذية,Al Rabie,التجزئة والتجارة الإلكترونية والخدمات الاستهلاكية,منطقة الرياض,private,default,low,https://www.alrabie.com
شركة ندى للألبان,Nada Dairy,الغذاء والزراعة والاستزراع المائي,المنطقة الشرقية,private,default,low,https://www.nadadairy.com
شركة قودي,Goody,الغذاء والزراعة والاستزراع المائي,منطقة مكة المكرمة,private,default,low,https://www.goody.com.sa
شركة سير للسيارات,Ceer Motors,السيارات والتنقل,منطقة الرياض,private,default,low,https://ceermotors.com
لوسيد موتورز السعودية,Lucid Motors Saudi Arabia,السيارات والتنقل,منطقة الرياض,private,default,low,https://lucidmotors.com
مجموعة الزامل للصناعة,Zamil Industrial,الصناعة والتصنيع,المنطقة الشرقية,private,default,low,https://www.zamilindustrial.com
شركة الخزف السعودي,Saudi Ceramics,الدفاع والطيران والفضاء,منطقة الرياض,private,default,low,https://www.saudiceramics.com
مجموعة كابلات الرياض,Riyadh Cables Group,التعدين والمعادن والمواد,منطقة الرياض,private,default,low,https://www.riyadh-cables.com
شركة الشرق الأوسط لصناعة وإنتاج الورق,MEPCO,الصناعة والتصنيع,منطقة مكة المكرمة,private,default,low,https://www.mepco.biz
شركة بوان,Bawan Company,الصناعة والتصنيع,منطقة الرياض,private,default,low,https://www.bawan.com.sa
مجموعة أسترا الصناعية,Astra Industrial Group,الصناعة والتصنيع,منطقة الرياض,private,default,low,https://www.astra.com.sa
مجموعة شاكر,Shaker Group,الصناعة والتصنيع,منطقة الرياض,private,default,low,https://www.shaker.com.sa
مجموعة العبيكان للاستثمار,Obeikan Investment Group,الخدمات المالية,منطقة الرياض,private,default,low,https://www.obeikan.com.sa
شركة أميانتيت العربية السعودية,Amiantit,الصناعة والتصنيع,المنطقة الشرقية,private,default,low,https://www.amiantit.com
البابطين للطاقة والاتصالات,Al-Babtain Power & Telecom,التقنية والاقتصاد الرقمي,منطقة الرياض,private,default,low,https://www.albabtain.com.sa
شركة تكوين المتطورة للصناعات,Takween,الصناعة والتصنيع,المنطقة الشرقية,private,default,low,https://www.takweenai.com
الشركة السعودية لصناعة الورق,Saudi Paper,الصناعة والتصنيع,المنطقة الشرقية,private,default,low,https://www.saudipaper.com
صندوق التنمية الصناعية السعودي,SIDF,الخدمات المالية,منطقة الرياض,government,gov:صندوق التنمية الصناعية,high,https://www.sidf.gov.sa
شركة تطوير التعليم القابضة,Tatweer Education Holding,العقار والتطوير الحضري,منطقة الرياض,private,default,low,https://tatweer.sa
شركة عطاء التعليمية,Ataa Educational Company,التعليم وتنمية رأس المال البشري,منطقة الرياض,private,default,low,https://ataa.sa
الشركة الوطنية للتربية والتعليم,NCLE,التعليم وتنمية رأس المال البشري,منطقة الرياض,private,default,low,https://ncle.com.sa
شركة الخليج للتدريب والتعليم,Alkhaleej Training and Education,التعليم وتنمية رأس المال البشري,منطقة الرياض,private,default,low,https://www.alkhaleej.com.sa
شركة معارف للتعليم والتدريب,Ma'arif for Education and Training,التعليم وتنمية رأس المال البشري,منطقة الرياض,private,default,low,https://www.maarif.com.sa
مؤسسة محمد بن سلمان - مسك,Misk Foundation,التقنية والاقتصاد الرقمي,منطقة الرياض,semi_government,semi:مسك,high,https://misk.org.sa
أكاديمية طويق,Tuwaiq Academy,التعليم وتنمية رأس المال البشري,منطقة الرياض,semi_government,semi:أكاديمية طويق,high,https://tuwaiq.edu.sa
الأكاديمية السعودية الرقمية,Saudi Digital Academy - SDA,التقنية والاقتصاد الرقمي,منطقة الرياض,government,gov:الأكاديمية السعودية الرقمية,high,https://sda.edu.sa
الأكاديمية المالية,The Financial Academy,الخدمات المالية,منطقة الرياض,private,default,low,https://fa.gov.sa
المركز الوطني للتعليم الإلكتروني,NELC,التعليم وتنمية رأس المال البشري,منطقة الرياض,government,gov:المركز الوطني,high,https://nelc.gov.sa
مؤسسة الملك عبدالعزيز ورجاله للموهبة والإبداع - موهبة,Mawhiba,التعليم وتنمية رأس المال البشري,منطقة الرياض,private,default,low,https://www.mawhiba.org
صندوق تنمية الموارد البشرية - هدف,HRDF,التعليم وتنمية رأس المال البشري,منطقة الرياض,government,gov:صندوق تنمية الموارد البشرية,high,https://www.hrdf.org.sa
معهد الإدارة العامة,Institute of Public Administration - IPA,التعليم وتنمية رأس المال البشري,منطقة الرياض,government,gov:معهد الإدارة العامة,high,https://www.ipa.edu.sa
المعهد الوطني للتدريب الصناعي,NITI,التعليم وتنمية رأس المال البشري,المنطقة الشرقية,private,default,low,https://www.niti.edu.sa
مدارس مسك,Misk Schools,التقنية والاقتصاد الرقمي,منطقة الرياض,semi_government,semi:مسك,high,https://www.miskschools.edu.sa
أرامكو السعودية,Saudi Aramco,النفط والغاز والبتروكيماويات,المنطقة الشرقية,semi_government,semi:أرامكو,high,https://www.aramco.com
الشركة السعودية للصناعات الأساسية - سابك,SABIC,النفط والغاز والبتروكيماويات,منطقة الرياض,semi_government,semi:سابك,high,https://www.sabic.com
شركة التصنيع الوطنية - تصنيع,Tasnee,النفط والغاز والبتروكيماويات,منطقة الرياض,private,default,low,https://www.tasnee.com
شركة الصحراء العالمية للبتروكيماويات - سبكيم,Sipchem,النفط والغاز والبتروكيماويات,منطقة الرياض,private,default,low,https://www.sipchem.com
الشركة المتقدمة للبتروكيماويات,Advanced Petrochemical,الدفاع والطيران والفضاء,المنطقة الشرقية,private,default,low,https://advancedpetrochem.com
شركة صدارة للكيميائيات,Sadara Chemical Company,الدفاع والطيران والفضاء,المنطقة الشرقية,private,default,low,https://www.sadara.com
شركة رابغ للتكرير والبتروكيماويات - بترورابغ,Petro Rabigh,النفط والغاز والبتروكيماويات,منطقة مكة المكرمة,private,default,low,https://www.petrorabigh.com
أرامكو توتال للتكرير والبتروكيماويات - ساتورب,SATORP,النفط والغاز والبتروكيماويات,المنطقة الشرقية,semi_government,semi:أرامكو,high,https://www.satorp.com
شركة ينبع أرامكو سينوبك للتكرير - ياسرف,YASREF,النفط والغاز والبتروكيماويات,منطقة المدينة المنورة,semi_government,semi:أرامكو,high,https://www.yasref.com
شركة مصفاة أرامكو السعودية موبيل - سامرف,SAMREF,النفط والغاز والبتروكيماويات,منطقة المدينة المنورة,semi_government,semi:أرامكو,high,https://www.samref.com.sa
أرامكو السعودية لزيوت الأساس - لوبريف,Luberef,النفط والغاز والبتروكيماويات,منطقة مكة المكرمة,semi_government,semi:أرامكو,high,https://www.luberef.com
شركة نماء للكيماويات,Nama Chemicals,الدفاع والطيران والفضاء,المنطقة الشرقية,private,default,low,https://www.namachemicals.com
شركة الميثانول الكيميائية - كيمانول,Chemanol,النفط والغاز والبتروكيماويات,المنطقة الشرقية,private,default,low,https://www.chemanol.com
شركة ينبع الوطنية للبتروكيماويات - ينساب,Yansab,النفط والغاز والبتروكيماويات,منطقة المدينة المنورة,private,default,low,https://www.yansab.com.sa
ماكنزي آند كومباني,McKinsey & Company,الخدمات المهنية والاستشارية,منطقة الرياض,private,default,low,https://www.mckinsey.com
مجموعة بوسطن الاستشارية,Boston Consulting Group - BCG,الخدمات المهنية والاستشارية,منطقة الرياض,private,default,low,https://www.bcg.com
بين آند كومباني,Bain & Company,الخدمات المهنية والاستشارية,منطقة الرياض,private,default,low,https://www.bain.com
برايس ووترهاوس كوبرز الشرق الأوسط,PwC Middle East,الخدمات المهنية والاستشارية,منطقة الرياض,private,default,low,https://www.pwc.com/m1
ديلويت,Deloitte,الخدمات المهنية والاستشارية,منطقة الرياض,private,default,low,https://www.deloitte.com
إرنست ويونغ,EY,الخدمات المهنية والاستشارية,منطقة الرياض,private,default,low,https://www.ey.com/en_sa
كيه بي إم جي,KPMG Saudi Arabia,الخدمات المهنية والاستشارية,منطقة الرياض,private,default,low,https://kpmg.com/sa
استراتيجي آند,Strategy& - Part of PwC network,الخدمات المهنية والاستشارية,منطقة الرياض,private,default,low,https://www.strategyand.pwc.com/me
أوليفر وايمان,Oliver Wyman,الخدمات المهنية والاستشارية,منطقة الرياض,private,default,low,https://www.oliverwyman.com
أكسنتشر السعودية,Accenture Saudi Arabia,التشييد والهندسة والبنية التحتية,منطقة الرياض,private,default,low,https://www.accenture.com/sa-en
كيرني,Kearney,الخدمات المهنية والاستشارية,منطقة الرياض,private,default,low,https://www.kearney.com
رولاند بيرجر,Roland Berger,الخدمات المهنية والاستشارية,منطقة الرياض,private,default,low,https://www.rolandberger.com
آرثر دي ليتل,Arthur D. Little,الخدمات المهنية والاستشارية,منطقة الرياض,private,default,low,https://www.adlittle.com
ألفاريز ومارسال,Alvarez & Marsal,الخدمات اللوجستية والنقل,منطقة الرياض,private,default,low,https://www.alvarezandmarsal.com
بوز ألين هاميلتون,Booz Allen Hamilton,الخدمات المهنية والاستشارية,منطقة الرياض,private,default,low,https://www.boozallen.com
شركة نسما والمركب,Nesma & Partners,التشييد والهندسة والبنية التحتية,المنطقة الشرقية,private,default,low,https://www.nesmapartners.com
شركة البواني,AlBawani,التشييد والهندسة والبنية التحتية,منطقة الرياض,private,default,low,https://albawani.net
شركة شبه الجزيرة للمقاولات,SAJCO,التشييد والهندسة والبنية التحتية,منطقة الرياض,private,default,low,https://www.sajco.com
شركة المباني للمقاولات العامة,Almabani,التشييد والهندسة والبنية التحتية,منطقة مكة المكرمة,private,default,low,https://www.almabani.co
شركة الفنار للمقاولات,Alfanar Construction,الطاقة والمرافق والمياه,منطقة الرياض,private,default,low,https://www.alfanar.com/construction
شركة جسارة لإدارة المشاريع,JASARA PMC,التشييد والهندسة والبنية التحتية,منطقة الرياض,private,default,low,https://www.jasarapmc.com
دار الهندسة,Dar Al-Handasah,التشييد والهندسة والبنية التحتية,منطقة الرياض,private,default,low,https://www.dar.com
مجموعة بنلادن السعودية,Saudi Binladin Group,التشييد والهندسة والبنية التحتية,منطقة مكة المكرمة,private,default,low,https://www.sbg.com.sa
خطيب وعلمي,Khatib & Alami,التشييد والهندسة والبنية التحتية,منطقة الرياض,private,default,low,https://www.khatibalami.com
شركة بكتل العربية السعودية,Bechtel Saudi Arabia,التشييد والهندسة والبنية التحتية,منطقة الرياض,private,default,low,https://www.bechtel.com
لارسن وتوبرو السعودية,Larsen & Toubro - L&T Saudi Arabia,التشييد والهندسة والبنية التحتية,منطقة الرياض,private,default,low,https://www.larsentoubro.com
إيكوم العربية,AECOM Arabia,الدفاع والطيران والفضاء,منطقة الرياض,private,default,low,https://aecom.com/sa
مجموعة المهيدب للمقاولات,Al Muhaidib Contracting,التشييد والهندسة والبنية التحتية,المنطقة الشرقية,private,default,low,https://amc.sa
دبليو إس بي الشرق الأوسط,WSP Middle East,التشييد والهندسة والبنية التحتية,منطقة الرياض,private,default,low,https://www.wsp.com/en-ae
شركة بارسونز العربية السعودية,Parsons Saudi Arabia,التشييد والهندسة والبنية التحتية,منطقة الرياض,private,default,low,https://www.parsons.com
شركة التعاونية للتأمين,Tawuniya,التأمين وإدارة المخاطر,منطقة الرياض,private,default,low,https://www.tawuniya.com.sa
شركة بوبا العربية,Bupa Arabia,التأمين وإدارة المخاطر,منطقة مكة المكرمة,private,default,low,https://bupa.com.sa
شركة تكافل الراجحي,Al Rajhi Takaful,التأمين وإدارة المخاطر,منطقة الرياض,private,default,low,https://www.alrajhitakaful.com
شركة ميدغلف للتأمين,Medgulf,التأمين وإدارة المخاطر,منطقة الرياض,private,default,low,https://www.medgulf.com.sa
جي آي جي السعودية,GIG Saudi,التأمين وإدارة المخاطر,منطقة الرياض,private,default,low,https://www.giggulf.sa
شركة ولاء للتأمين التعاوني,Walaa Insurance,التأمين وإدارة المخاطر,المنطقة الشرقية,private,default,low,https://www.walaa.com
شركة ملاذ للتأمين,Malath Insurance,التأمين وإدارة المخاطر,منطقة الرياض,private,default,low,https://www.malath.com.sa
شركة الدرع العربي للتأمين,Arabian Shield,التأمين وإدارة المخاطر,منطقة الرياض,private,default,low,https://www.der3.com
شركة الإنماء طوكيو مارين,Alinma Tokio Marine,التأمين وإدارة المخاطر,منطقة الرياض,private,default,low,https://www.atmc.com.sa
شركة سلامة للتأمين التعاوني,Salama Insurance,التأمين وإدارة المخاطر,منطقة مكة المكرمة,private,default,low,https://www.salama.com.sa
شركة الاتحاد للتأمين التعاوني,Al Etihad Insurance,التأمين وإدارة المخاطر,المنطقة الشرقية,private,default,low,https://www.tui-sa.com
الشركة الخليجية العامة للتأمين,Gulf General Insurance,التأمين وإدارة المخاطر,منطقة مكة المكرمة,private,default,low,https://www.ggi-sa.com
شركة الصقر للتأمين التعاوني,Al Saqr Insurance,التأمين وإدارة المخاطر,المنطقة الشرقية,private,default,low,https://www.alsaqr.com
شركة أمانة للتأمين التعاوني,Amana Insurance,التأمين وإدارة المخاطر,منطقة الرياض,private,default,low,https://www.amanainsurance.com
شركة تشب العربية للتأمين,CHUBB Arabia,التأمين وإدارة المخاطر,المنطقة الشرقية,private,default,low,https://www.chubb.com/sa-en
صندوق الاستثمارات العامة,Public Investment Fund - PIF,الخدمات المالية,منطقة الرياض,semi_government,semi:صندوق الاستثمارات العامة,high,https://www.pif.gov.sa
شركة سنابل للاستثمار,Sanabil Investments,الخدمات المالية,منطقة الرياض,semi_government,semi:شركة سنابل,high,https://www.sanabil.com
شركة حصانة للاستثمار,Hassana Investment Company,الخدمات المالية,منطقة الرياض,private,default,low,https://www.hassana.com.sa
الرياض المالية,Riyad Capital,الخدمات المالية,منطقة الرياض,private,default,low,https://www.riyadcapital.com
شركة جدوى للاستثمار,Jadwa Investment,الخدمات المالية,منطقة الرياض,private,default,low,https://www.jadwa.com
الأول للاستثمار,SAB Invest,الخدمات المالية,منطقة الرياض,private,default,low,https://www.sabinvest.com
شركة السعودي الفرنسي كابيتال,Saudi Fransi Capital,الخدمات المالية,منطقة الرياض,private,default,low,https://www.sfc.sa
شركة الإنماء للاستثمار,Alinma Investment,الخدمات المالية,منطقة الرياض,private,default,low,https://www.alinmainvestment.com
الاستثمار كابيتال,Alistithmar Capital,الخدمات المالية,منطقة الرياض,private,default,low,https://www.icap.com.sa
دراية المالية,Derayah Financial,الخدمات المالية,منطقة الرياض,private,default,low,https://www.derayah.com
جي آي بي كابيتال,GIB Capital,الخدمات المالية,منطقة الرياض,private,default,low,https://www.gibcapital.com
بلوم إنفست السعودية,Blominvest Saudi Arabia,الخدمات المالية,منطقة الرياض,private,default,low,https://www.blominvest.sa
شركة الخير كابيتال,Alkhair Capital,الخدمات المالية,منطقة الرياض,private,default,low,https://www.alkhaircapital.com.sa
سينومي سنترز,Cenomi Centers,القطاع الحكومي والعام,منطقة الرياض,private,default,low,https://www.cenomicenters.com
شركة الأندلس العقارية,Alandalus Property,العقار والتطوير الحضري,منطقة الرياض,private,default,low,https://www.alandalus.com.sa
شركة سمو العقارية,Sumou Real Estate,العقار والتطوير الحضري,المنطقة الشرقية,private,default,low,https://www.sumou.com.sa
شركة لدن للاستثمار,Ladan Investment,الخدمات المالية,منطقة الرياض,private,default,low,https://www.ladan.com.sa
مجموعة ماجد الفطيم السعودية,Majid Al Futtaim KSA,العقار والتطوير الحضري,منطقة الرياض,private,default,low,https://www.majidalfuttaim.com
الشركة السعودية لتمويل المساكن,SHFC,الخدمات المالية,منطقة الرياض,private,default,low,https://www.shfc.com.sa
شركة أملاك العالمية للتمويل,Amlak International,الخدمات المالية,منطقة الرياض,private,default,low,https://www.amlakint.com
شركة النايفات للتمويل,Nayifat Finance,الخدمات المالية,منطقة الرياض,private,default,low,https://www.nayifat.com
شركة المرابحة المرنة,MRNA,الخدمات المالية,منطقة الرياض,private,default,low,https://www.mrna.sa
شركة معالم للتمويل,Maalem Financing,الخدمات المالية,منطقة الرياض,private,default,low,https://www.maalem.com.sa
مجموعة كمال عثمان جمجوم,Kamal Osman Jamjoom Group,التجزئة والتجارة الإلكترونية والخدمات الاستهلاكية,منطقة مكة المكرمة,private,default,low,https://kojamjoom.com
شركة عبد الصمد القرشي,Abdul Samad Al Qurashi,التجزئة والتجارة الإلكترونية والخدمات الاستهلاكية,منطقة مكة المكرمة,private,private_override:عبد الصمد القرشي,high,https://store.asqgrp.com
شركة العربية للعود,Arabian Oud,التجزئة والتجارة الإلكترونية والخدمات الاستهلاكية,منطقة الرياض,private,default,low,https://arabianoud.com
مجموعة الشايع السعودية,Alshaya Group KSA,التجزئة والتجارة الإلكترونية والخدمات الاستهلاكية,منطقة الرياض,private,default,low,https://www.alshaya.com
شركة الماجد للعود,Almajed Oud,التجزئة والتجارة الإلكترونية والخدمات الاستهلاكية,منطقة الرياض,private,default,low,https://almajed4oud.com
شركة لىجام للرياضة - وقت اللياقة,Leejam - Fitness Time,الترفيه والرياضة والإعلام,منطقة الرياض,private,default,low,https://www.fitnesstime.com.sa
شركة أسمنت اليمامة,Yamama Cement,التعدين والمعادن والمواد,منطقة الرياض,private,default,low,https://yamamacement.com
شركة أسمنت القصيم,Qassim Cement,التعدين والمعادن والمواد,منطقة القصيم,private,default,low,https://www.qcc.com.sa
شركة أسمنت الجنوبية,Southern Province Cement,التعدين والمعادن والمواد,منطقة عسير,private,default,low,https://spcc.com.sa
شركة أسمنت ينبع,Yanbu Cement,التعدين والمعادن والمواد,منطقة مكة المكرمة,private,default,low,https://www.yanbucement.com
شركة الكابلات السعودية,Saudi Cable Company,التعدين والمعادن والمواد,منطقة مكة المكرمة,private,default,low,https://www.saudicable.com
شركة هرفي للخدمات الغذائية,Herfy Food Services,التجزئة والتجارة الإلكترونية والخدمات الاستهلاكية,منطقة الرياض,private,default,low,https://www.herfy.com
شركة البيك للأنظمة الغذائية,Albaik,التقنية والاقتصاد الرقمي,منطقة مكة المكرمة,private,default,low,https://www.albaik.com
شركة كودو,Kudu,التجزئة والتجارة الإلكترونية والخدمات الاستهلاكية,منطقة الرياض,private,default,low,https://www.kudu.com.sa
شركة مايسترو بيتزا,Maestro Pizza,التجزئة والتجارة الإلكترونية والخدمات الاستهلاكية,منطقة الرياض,private,default,low,https://www.maestropizza.com
شركة حلويات سعد الدين,Saadeddin Pastry,الخدمات المالية,منطقة الرياض,private,default,low,https://www.saadeddin.com
شركة مياه نوفا,Nova Water,الطاقة والمرافق والمياه,منطقة الرياض,private,default,low,https://www.novawater.com
شركة مياه بيرين,Berain Water,الطاقة والمرافق والمياه,منطقة الرياض,private,default,low,https://berain.com.sa
شركة المهيدب للأغذية,Al Muhaidib Foods,التجزئة والتجارة الإلكترونية والخدمات الاستهلاكية,منطقة مكة المكرمة,private,default,low,https://www.almuhaidib.com
شركة سيسكو السعودية,Cisco Saudi Arabia,التقنية والاقتصاد الرقمي,منطقة الرياض,private,default,low,https://www.cisco.com
شركة مايكروسوفت السعودية,Microsoft Arabia,التقنية والاقتصاد الرقمي,منطقة الرياض,private,default,low,https://www.microsoft.com
شركة أوراكل السعودية,Oracle Saudi Arabia,التقنية والاقتصاد الرقمي,منطقة الرياض,private,default,low,https://www.oracle.com
شركة ساب السعودية,SAP Saudi Arabia,التقنية والاقتصاد الرقمي,منطقة الرياض,private,default,low,https://www.sap.com
شركة آي بي إم السعودية,IBM Saudi Arabia,التقنية والاقتصاد الرقمي,منطقة الرياض,private,default,low,https://www.ibm.com
شركة هواوي السعودية,Huawei Saudi Arabia,التقنية والاقتصاد الرقمي,منطقة الرياض,private,default,low,https://www.huawei.com
شركة سحابة ديم,Deem Cloud,التقنية والاقتصاد الرقمي,منطقة الرياض,private,default,low,https://deem.sa
شركة إلكسير للاستشارات,Elixir Management Consultancy,الخدمات المهنية والاستشارية,منطقة مكة المكرمة,private,default,low,https://elixir.com.sa
شركة تيم وان للاستشارات,TeamOne,الخدمات المهنية والاستشارية,منطقة الرياض,private,default,low,https://teamone.com.sa
شركة ريناد المجد لتقنية المعلومات,RMG,التقنية والاقتصاد الرقمي,منطقة الرياض,private,default,low,https://rmg-sa.com
مجموعة الخريجي,Elkhereiji Group,المجموعات الاستثمارية والقابضة المتنوعة,منطقة مكة المكرمة,private,default,low,https://www.elkhereiji.com
شركة بن زقر,Binzagr Company,المجموعات الاستثمارية والقابضة المتنوعة,منطقة مكة المكرمة,private,default,low,https://www.binzagr.com.sa
شركة الجفالي,Juffali,المجموعات الاستثمارية والقابضة المتنوعة,منطقة مكة المكرمة,private,default,low,https://www.juffali.com
شركة عبداللطيف جميل,Abdul Latif Jameel,السيارات والتنقل,منطقة مكة المكرمة,private,default,low,https://alj.com
شركة الوعلان للتجارة,Wallan Trading,السيارات والتنقل,منطقة الرياض,private,default,low,https://wallan.com
مجموعة محمد يوسف ناغي,Mohamed Yousuf Naghi Group,المجموعات الاستثمارية والقابضة المتنوعة,منطقة مكة المكرمة,private,default,low,https://mynaghi.com
شركة توكيلات الجزيرة للسيارات,Al Jazirah Vehicles,السيارات والتنقل,منطقة الرياض,private,default,low,https://aljazirahford.com
مجموعة إم بي سي,MBC Group,الترفيه والرياضة والإعلام,منطقة الرياض,private,default,low,https://www.mbc.net
المجموعة السعودية للأبحاث والإعلام,SRMG,الترفيه والرياضة والإعلام,منطقة الرياض,semi_government,semi:مجموعة السعودية,high,https://www.srmg.com
شركة روتانا,Rotana,الترفيه والرياضة والإعلام,منطقة الرياض,private,default,low,https://rotana.net
تلفاز11,Telfaz11,الترفيه والرياضة والإعلام,منطقة الرياض,private,default,low,https://telfaz11.com
مجموعة بروموسفن,Promoseven,الخدمات المهنية والاستشارية,منطقة الرياض,private,default,low,https://promoseven.com
الشركة الوطنية للإسكان,NHC,العقار والتطوير الحضري,منطقة الرياض,semi_government,semi:الشركة الوطنية للإسكان,high,https://nhc.sa
زهير فايز ومشاركوه,Zuhair Fayez Partnership,الخدمات المهنية والاستشارية,منطقة مكة المكرمة,private,default,low,https://www.zfp.com
عمرانية,Omrania,التشييد والهندسة والبنية التحتية,منطقة الرياض,private,default,low,https://omrania.com
سعود كونسلت,SaudConsult,التشييد والهندسة والبنية التحتية,منطقة الرياض,private,default,low,https://www.saudconsult.com
الشركة السعودية لإدارة المرافق,FMTECH,إدارة المرافق والتشغيل,منطقة الرياض,private,default,low,https://fmtech.sa
مجموعة إنيشيال السعودية,Initial Saudi Group,التعليم وتنمية رأس المال البشري,منطقة مكة المكرمة,private,default,low,https://initialsaudi.com
الشركة السعودية للخدمات المحدودة,SSCL,إدارة المرافق والتشغيل,منطقة الرياض,private,default,low,https://sscl.com.sa
سيركو السعودية,Serco Saudi Arabia,إدارة المرافق والتشغيل,منطقة الرياض,private,default,low,https://www.serco.com/me
جيديا,Geidea,الخدمات المالية,منطقة الرياض,private,default,low,https://geidea.net
هالة,Hala,الخدمات المالية,منطقة الرياض,private,default,low,https://hala.com
بيتابس,PayTabs,الخدمات المالية,منطقة الرياض,private,default,low,https://site.paytabs.com
فودكس,Foodics,الغذاء والزراعة والاستزراع المائي,منطقة الرياض,private,default,low,https://www.foodics.com
تمارا,Tamara,الخدمات المالية,منطقة الرياض,private,default,low,https://tamara.co
مجموعة العليان,Olayan Group,المجموعات الاستثمارية والقابضة المتنوعة,منطقة الرياض,private,default,low,https://olayan.com
مجموعة الفيصلية,Al Faisaliah Group,المجموعات الاستثمارية والقابضة المتنوعة,منطقة الرياض,private,default,low,https://alfaisaliah.com
شركة الكفاح القابضة,AlKifah Holding,المجموعات الاستثمارية والقابضة المتنوعة,المنطقة الشرقية,private,default,low,https://alkifah.com
مجموعة راشد عبدالرحمن الراشد وأولاده,RAR Group,المجموعات الاستثمارية والقابضة المتنوعة,المنطقة الشرقية,private,default,low,https://alrashed.com
شركة أبونيان القابضة,Abunayyan Holding,المجموعات الاستثمارية والقابضة المتنوعة,منطقة الرياض,private,default,low,https://abunayyanholding.com
مجموعة الدباغ,Dabbagh Group,المجموعات الاستثمارية والقابضة المتنوعة,منطقة مكة المكرمة,private,default,low,https://dabbagh.com
مجموعة التركي القابضة,Alturki Holding,المجموعات الاستثمارية والقابضة المتنوعة,المنطقة الشرقية,private,default,low,https://alturkiholding.com
بنش مارك,Benchmark,الخدمات المهنية والاستشارية,منطقة مكة المكرمة,private,default,low,https://benchmark.com.sa
تراكس,TRACCS,الخدمات المهنية والاستشارية,منطقة مكة المكرمة,private,default,low,https://traccs.net
دبليو 7 وورلد وايد,W7Worldwide,الخدمات المهنية والاستشارية,منطقة مكة المكرمة,private,default,low,https://w7worldwide.com
الدانوب,Danube,التجزئة والتجارة الإلكترونية والخدمات الاستهلاكية,منطقة مكة المكرمة,private,default,low,https://danube.sa
أبيات,Abyat,التجزئة والتجارة الإلكترونية والخدمات الاستهلاكية,المنطقة الشرقية,private,default,low,https://www.abyat.com
مجموعة السليمان,Al Sulaiman Group,المجموعات الاستثمارية والقابضة المتنوعة,منطقة مكة المكرمة,private,default,low,https://alsulaimangroup.com
مجموعة الجريسي,Jeraisy Group,المجموعات الاستثمارية والقابضة المتنوعة,منطقة الرياض,private,default,low,https://jeraisy.com
شركة حاسبات العرب,Arab Computers,التقنية والاقتصاد الرقمي,منطقة الرياض,private,default,low,https://arabcomputers.com.sa
الهيئة العامة لعقارات الدولة,SPGA,العقار والتطوير الحضري,منطقة الرياض,government,gov:الهيئة العامة لعقارات الدولة,high,https://spga.gov.sa
الشركة الأولى للتطوير العقاري,AlOula,العقار والتطوير الحضري,المنطقة الشرقية,private,private_override:الأولى للتطوير العقاري,high,https://aloula.com
شركة الجميح للتعبئة,Aljomaih Bottling Plants,الصناعة والتصنيع,منطقة الرياض,private,default,low,https://aljomaih.com
شركة التميمي ومشاركوه,Al Tamimi & Company,الخدمات المهنية والاستشارية,منطقة الرياض,private,default,low,https://www.tamimi.com
شركة خُشيم ومشاركوه,Khoshaim & Associates,الخدمات المهنية والاستشارية,منطقة الرياض,private,default,low,https://www.khoshaim.com
شركة زيد ومشاركوه للاستشارات القانونية,Z&Co,الخدمات المهنية والاستشارية,منطقة الرياض,private,default,low,https://www.zco.sa
نجم لخدمات التأمين,Najm for Insurance Services,التأمين وإدارة المخاطر,منطقة الرياض,private,default,low,https://najm.sa
الشركة السعودية للمعلومات الائتمانية,SIMAH,التأمين وإدارة المخاطر,منطقة الرياض,private,default,low,https://www.simah.com
شركة الحفر العربية,Arabian Drilling,النفط والغاز والبتروكيماويات,المنطقة الشرقية,private,default,low,https://arabiandrilling.com
أديس القابضة,ADES Holding,النفط والغاز والبتروكيماويات,المنطقة الشرقية,private,default,low,https://adesgroup.com
شلمبرجير السعودية,SLB Saudi Arabia,النفط والغاز والبتروكيماويات,المنطقة الشرقية,private,default,low,https://www.slb.com
هاليبرتون السعودية,Halliburton Saudi Arabia,النفط والغاز والبتروكيماويات,المنطقة الشرقية,private,default,low,https://www.halliburton.com
بيكر هيوز السعودية,Baker Hughes Saudi Arabia,النفط والغاز والبتروكيماويات,المنطقة الشرقية,private,default,low,https://www.bakerhughes.com
مجموعة الزاهد,Zahid Group,المجموعات الاستثمارية والقابضة المتنوعة,منطقة مكة المكرمة,private,default,low,https://www.zahid.com
الشركة السعودية الاستثمارية لإعادة التدوير,SIRC,الخدمات المالية,منطقة الرياض,private,default,low,https://sirc.sa
المركز الوطني لتنمية الغطاء النباتي,NCVC,البيئة والاستدامة,منطقة الرياض,government,gov:المركز الوطني,high,https://ncvc.gov.sa
شركة الوطنية الزراعية,Al Watania Agri,الغذاء والزراعة والاستزراع المائي,منطقة القصيم,private,default,low,https://watania-agri.com
شركة أراسكو للأغذية - إنتاج,Entaj - ARASCO,التجزئة والتجارة الإلكترونية والخدمات الاستهلاكية,منطقة الرياض,private,default,low,https://entaj.com.sa
مجموعة أسترا الزراعية,Astra Farms,الغذاء والزراعة والاستزراع المائي,منطقة تبوك,private,default,low,https://astrafarms.com.sa
جامعة الملك عبدالله للعلوم والتقنية,KAUST,التقنية والاقتصاد الرقمي,منطقة مكة المكرمة,semi_government,semi:جامعة الملك عبدالله للعلوم والتقنية,high,https://www.kaust.edu.sa
جامعة الملك فهد للبترول والمعادن,KFUPM,التعدين والمعادن والمواد,المنطقة الشرقية,government,gov_univ:جامعة الملك فهد للبترول والمعادن,high,https://www.kfupm.edu.sa
كلية الأمير محمد بن سلمان للإدارة,MBSC,التعليم وتنمية رأس المال البشري,منطقة الرياض,private,default,low,https://www.mbsc.edu.sa
الجامعة السعودية الإلكترونية,SEU,التعليم وتنمية رأس المال البشري,منطقة الرياض,government,gov_univ:الجامعة السعودية الإلكترونية,high,https://seu.edu.sa
شركة مهارة للموارد البشرية,Maharah Human Resources,الخدمات المهنية والاستشارية,منطقة الرياض,private,default,low,https://maharah.com
الشركة السعودية لحلول القوى البشرية,SMASCO,الخدمات المهنية والاستشارية,منطقة الرياض,private,default,low,https://smasco.com
منصة أجير,Ajeer,الخدمات المهنية والاستشارية,منطقة الرياض,private,default,low,https://www.ajeer.com.sa
شركة سدكو القابضة,SEDCO Holding,المجموعات الاستثمارية والقابضة المتنوعة,منطقة مكة المكرمة,private,default,low,https://sedco.com/en/
بروج للتأمين التعاوني,Buruj Cooperative Insurance,التأمين وإدارة المخاطر,منطقة الرياض,private,default,low,https://burujinsurance.com
أليانز السعودي الفرنسي,Allianz Saudi Fransi,التأمين وإدارة المخاطر,منطقة الرياض,private,default,low,https://www.allianzsf.com
الشركة العالمية للتأمين التعاوني,Al Alamiya,التأمين وإدارة المخاطر,منطقة الرياض,private,default,low,https://www.alamiyainsurance.com.sa
شركة ليفا للتأمين,Liva Insurance KSA,التأمين وإدارة المخاطر,منطقة الرياض,private,default,low,https://livainsurance.sa
شركة متييتو السعودية,Metito Saudi Arabia,الطاقة والمرافق والمياه,منطقة الرياض,private,default,low,https://www.metito.com
مجموعة الخليج للزجاج,Gulf Glass Manufacturing,الصناعة والتصنيع,المنطقة الشرقية,private,default,low,https://www.ggmcco.com
شركة الشرق الأوسط للكابلات المتخصصة,MESC,التعدين والمعادن والمواد,منطقة الرياض,private,default,low,https://mesccables.com
شركة الجبس الأهلية,Gypsum Corporation,التعدين والمعادن والمواد,منطقة الرياض,private,default,low,https://www.gypsco.sa
مجموعة سيرا للضيافة - إيواء,Ewaa Hotels,السياحة والضيافة والثقافة,منطقة الرياض,private,default,low,https://ewaahotels.com
المجموعة السعودية للسفر والسياحة,Saudi Travel Group,السياحة والضيافة والثقافة,منطقة الرياض,private,private_override:المجموعة السعودية للسفر والسياحة,high,https://sauditravelgroup.com
شركة كراود انالايزر,Crowd Analyzer Saudi,التقنية والاقتصاد الرقمي,منطقة الرياض,private,default,low,https://www.crowdanalyzer.com
مايندوير السعودية,Mindware Saudi Arabia,التقنية والاقتصاد الرقمي,منطقة الرياض,private,default,low,https://mindware.net
آي تيل للاتصالات,iTel,التقنية والاقتصاد الرقمي,منطقة الرياض,private,default,low,https://itel.com.sa
دي إتش إل إكسبرس السعودية,DHL Express Saudi Arabia,الترفيه والرياضة والإعلام,المنطقة الشرقية,private,default,low,https://www.dhl.com/sa-en/home.html
منصة سلاسة للخدمات اللوجستية,Salasa,الخدمات اللوجستية والنقل,منطقة الرياض,private,default,low,https://salasa.co
تريند مايكرو السعودية,Trend Micro Saudi Arabia,التقنية والاقتصاد الرقمي,منطقة الرياض,private,default,low,https://www.trendmicro.com
الشركة الطبية العربية العالمية القابضة - طبية,Tibbiyah,الرعاية الصحية وعلوم الحياة,منطقة الرياض,private,default,low,https://www.tibbiyah.com
مستشفيات الحمادي,Al Hammadi Hospitals,الرعاية الصحية وعلوم الحياة,منطقة الرياض,private,default,low,https://www.alhammadi.com
مستشفى المملكة,Kingdom Hospital,الرعاية الصحية وعلوم الحياة,منطقة الرياض,private,default,low,https://www.kingdomhospital.com
مركز مغربي للعيون والأسنان,Magrabi Hospitals & Centers,الرعاية الصحية وعلوم الحياة,منطقة مكة المكرمة,private,default,low,https://www.magrabi.com.sa
مجموعة أندلسية للرعاية الصحية,Andalusia Healthcare,الرعاية الصحية وعلوم الحياة,منطقة مكة المكرمة,private,default,low,https://www.andalusiagroup.net
مستشفى الدكتور سمير عباس,Dr. Samir Abbas Hospital,الرعاية الصحية وعلوم الحياة,منطقة مكة المكرمة,private,default,low,https://dsah.sa
مجموعة العبير الطبية,Abeer Medical Group,الرعاية الصحية وعلوم الحياة,منطقة مكة المكرمة,private,default,low,https://www.alabeermedicalgroup.com
مستشفى الدكتور عرفان وباقدو,Dr. Erfan & Bagedo General Hospital,الرعاية الصحية وعلوم الحياة,منطقة مكة المكرمة,private,default,low,https://www.erfanbagedo.com
مستشفى عبيد التخصصي,Obeid Specialized Hospital,الرعاية الصحية وعلوم الحياة,منطقة الرياض,private,default,low,https://obeidhospitals.com
عيادات ديرما,Derma Clinics,الرعاية الصحية وعلوم الحياة,منطقة الرياض,private,default,low,https://www.derma.com.sa
مركز النخبة الطبي الجراحي,Elite Hospital,الرعاية الصحية وعلوم الحياة,منطقة الرياض,private,default,low,https://www.elitehospital.com
مجموعة أستر دي إم للرعاية الصحية,Aster DM Healthcare KSA,الرعاية الصحية وعلوم الحياة,منطقة الرياض,private,default,low,https://www.asterclinics.sa
شركة سدير للأدوية,Sudair Pharma,الرعاية الصحية وعلوم الحياة,منطقة الرياض,private,default,low,https://www.sudairpharma.com
مصنع عناية السعودية الطبية,Enaya Medical,الرعاية الصحية وعلوم الحياة,منطقة الرياض,private,default,low,https://enayamedical.com
الشركة السعودية للوازم الطبية,SMSC,الرعاية الصحية وعلوم الحياة,منطقة الرياض,private,default,low,https://www.smsc.com.sa
شركة سكوبا للصناعات العسكرية,Scopa Military Industries,الدفاع والطيران والفضاء,منطقة الرياض,private,default,low,https://scopa.sa
الشركة السعودية للتقنيات المتقدمة - وهج,Wahaj,الدفاع والطيران والفضاء,منطقة الرياض,private,default,low,https://www.wahaj.com.sa
شركة الشرق الأوسط للمحركات,MEPC,الدفاع والطيران والفضاء,منطقة الرياض,private,default,low,https://www.mepcsa.com
شركة التدريع للصناعة,Al-Tadrea Manufacturing,الصناعة والتصنيع,منطقة الرياض,private,default,low,https://altadrea.com
شركة إيراف الصناعية,Eraf Industrial Company,الصناعة والتصنيع,المنطقة الشرقية,private,default,low,https://www.eraf.com
شركة تقنية الفضائية,TAQNIA Space,التقنية والاقتصاد الرقمي,منطقة الرياض,private,default,low,https://taqnia.com
شركة الصيانة الفنية المتقدمة,ATMC,إدارة المرافق والتشغيل,منطقة الرياض,private,default,low,https://atmc.com.sa
سيكيوريتاس السعودية,Securitas Saudi Arabia,إدارة المرافق والتشغيل,منطقة الرياض,private,default,low,https://www.securitas.com.sa
إيرباص للدفاع والفضاء السعودية,Airbus Defence KSA,الدفاع والطيران والفضاء,منطقة الرياض,private,default,low,https://www.airbus.com
نورثروب جرومان السعودية,Northrop Grumman Saudi Arabia,الدفاع والطيران والفضاء,منطقة الرياض,private,default,low,https://www.northropgrumman.com
جنرال دايناميكس السعودية,General Dynamics KSA,الدفاع والطيران والفضاء,منطقة الرياض,private,default,low,https://www.gd.com
شركة ليوناردو السعودية,Leonardo Saudi Arabia,الدفاع والطيران والفضاء,منطقة الرياض,private,default,low,https://www.leonardo.com
جون كوكريل للدفاع السعودية,John Cockerill Defense SA,الدفاع والطيران والفضاء,منطقة الرياض,private,default,low,https://johncockerill.com
شركة رياضة المحركات السعودية,SMC,الترفيه والرياضة والإعلام,منطقة مكة المكرمة,private,default,low,https://saudimotorsport.com
شركة مانجا للإنتاج,Manga Productions,الترفيه والرياضة والإعلام,منطقة الرياض,private,default,low,https://manga.com.sa
شركة إيه إم سي سينما,AMC Cinemas KSA,الترفيه والرياضة والإعلام,منطقة الرياض,private,default,low,https://amccinemas.com
إمباير سينما,Empire Cinemas KSA,الترفيه والرياضة والإعلام,منطقة الرياض,private,default,low,https://ksa.empirecinemas.com
جراند سينما,Grand Cinemas KSA,الترفيه والرياضة والإعلام,منطقة الرياض,private,default,low,https://ksa.grandcinemasme.com
شركة نادي النصر السعودي,Al Nassr FC,الترفيه والرياضة والإعلام,منطقة الرياض,private,default,low,https://alnassr.sa
شركة نادي الاتحاد السعودي,Al-Ittihad Club,الترفيه والرياضة والإعلام,منطقة مكة المكرمة,private,default,low,https://ittihadclub.sa
شركة نادي الأهلي السعودي,Al-Ahli Saudi Club,الترفيه والرياضة والإعلام,منطقة مكة المكرمة,private,default,low,https://alahliclub.sa
شركة بيلبورد عربية,Billboard Arabia,الترفيه والرياضة والإعلام,منطقة الرياض,private,default,low,https://billboardarabia.com
منصة تيكت ميكس,Ticketmx,الترفيه والرياضة والإعلام,منطقة الرياض,private,default,low,https://ticketmx.com
منصة وي بوك,Webook,الترفيه والرياضة والإعلام,منطقة الرياض,private,default,low,https://webook.com
أندية بودي ماسترز,Body Masters,الترفيه والرياضة والإعلام,منطقة الرياض,private,default,low,https://bodymastersksa.com
بيورجيم العربية,PureGym Arabia,الترفيه والرياضة والإعلام,منطقة الرياض,private,default,low,https://ksa.puregymarabia.com
الشركة السعودية لمشاريع الطاقة البديلة - بديل,Badeel,الطاقة والمرافق والمياه,منطقة الرياض,private,default,low,https://badeel.com.sa
الشركة السعودية لشراء الطاقة,SPPC,الطاقة والمرافق والمياه,منطقة الرياض,private,default,low,https://sppc.sa
الشركة الوطنية لنقل الكهرباء,National Grid SA,الطاقة والمرافق والمياه,منطقة الرياض,private,default,low,https://www.nationalgridsa.com
شركة طاقة للتصنيع وخدمات الطاقة,TAQA,الطاقة والمرافق والمياه,المنطقة الشرقية,private,default,low,https://www.taqa.com.sa
شركة مياهنا للحلول البيئية,Miahona,الطاقة والمرافق والمياه,منطقة الرياض,private,default,low,https://miahona.com
شركة السويدي إليكتريك السعودية,Elsewedy Electric KSA,الطاقة والمرافق والمياه,منطقة الرياض,private,default,low,https://elsewedyelectric.com/saudi-arabia
شركة شنايدر إلكتريك السعودية,Schneider Electric KSA,الطاقة والمرافق والمياه,منطقة الرياض,private,default,low,https://www.se.com/sa
عبد اللطيف جميل للطاقة والبيئة,ALJ Energy,الطاقة والمرافق والمياه,منطقة مكة المكرمة,private,default,low,https://alj.com/en/energy-and-environmental-services
شركة إنجي السعودية,ENGIE Saudi Arabia,الطاقة والمرافق والمياه,منطقة الرياض,private,default,low,https://www.engie-saudiarabia.com
شركة فيوليا السعودية,Veolia Saudi Arabia,الطاقة والمرافق والمياه,منطقة الرياض,private,default,low,https://www.veolia.com/middleeast
شركة غاز الشرق,East Gas,النفط والغاز والبتروكيماويات,المنطقة الشرقية,private,default,low,https://eastgas.com.sa
شركة نسما للبنية التحتية والتكنولوجيا,Nesma Infrastructure,التشييد والهندسة والبنية التحتية,المنطقة الشرقية,private,default,low,https://www.nesma-it.com
الشركة الوطنية للمياه والبيئة,NWE,الطاقة والمرافق والمياه,منطقة الرياض,private,default,low,https://www.nwe.com.sa
شركة تكنولوجيا المياه المتقدمة,AWTC,الطاقة والمرافق والمياه,المنطقة الشرقية,private,default,low,https://awtc.com.sa
الشركة السعودية للخدمات الكهربائية,SESCO,الطاقة والمرافق والمياه,منطقة الرياض,private,default,low,https://www.sescoksa.net/
شركة البوصلة الذهبية لخدمات التعدين,Golden Compass Mining,التعدين والمعادن والمواد,منطقة مكة المكرمة,private,default,low,https://www.gcmgc.net/
شركة كوميدات السعودية المحدودة للتعدين,Saudi Comedat SCCL,التعدين والمعادن والمواد,منطقة الرياض,private,default,low,https://www.saudicomedat.com
شركة ثروات للتعدين,Tharwat Mining,التعدين والمعادن والمواد,منطقة الرياض,private,default,low,https://www.tharwatmining.com
شركة عجلان وإخوانه للتعدين,Ajlan & Bros Mining,التعدين والمعادن والمواد,منطقة الرياض,private,default,low,https://ajlanbros.com
شركة معدنية - الوطنية لتصنيع وسبك المعادن,Maadaniyah,التعدين والمعادن والمواد,المنطقة الشرقية,private,private_override:معدنية,high,https://www.maadaniyah.com
شركة اليمامة للصناعات الحديدية,Al Yamamah Steel,التعدين والمعادن والمواد,منطقة مكة المكرمة,private,default,low,https://www.yamsteel.com
شركة الأنابيب العربية,Arabian Pipes Company,التعدين والمعادن والمواد,منطقة الرياض,private,default,low,https://www.arabianpipes.com
شركة جاسكو - الجبيل لخدمات الطاقة,JESCO,الطاقة والمرافق والمياه,المنطقة الشرقية,private,default,low,https://www.jesco.com.sa
الشركة العالمية للأنابيب,Global Pipe Company - GPC,التعدين والمعادن والمواد,المنطقة الشرقية,private,default,low,https://www.gpc.com.sa
شركة القحطاني لتغليف الأنابيب,Al-Qahtani Pipe Coating,التعدين والمعادن والمواد,المنطقة الشرقية,private,default,low,https://www.aqpci.com
شركة أسلاك - اتحاد مصانع الأسلاك,Aslak,التعدين والمعادن والمواد,منطقة الرياض,private,default,low,https://www.unitedwires.com.sa
شركة ويلسبون الشرق الأوسط للأنابيب,Welspun Middle East Pipes,التعدين والمعادن والمواد,المنطقة الشرقية,private,default,low,https://www.welspun.com
ساندفيك السعودية لتقنيات التعدين,Sandvik Saudi Arabia,التعدين والمعادن والمواد,المنطقة الشرقية,private,default,low,https://www.rocktechnology.sandvik/en
إيبيورك السعودية للمعدات التعدينية,Epiroc Saudi Arabia,التعدين والمعادن والمواد,المنطقة الشرقية,private,default,low,https://www.epiroc.com/en-sa
شركة أم القرى للتنمية والإعمار,Umm Al Qura - Masar,العقار والتطوير الحضري,منطقة مكة المكرمة,private,default,low,https://ummalqura.com.sa
مؤسسة حديقة الملك سلمان,King Salman Park Foundation,القطاع الحكومي والعام,منطقة الرياض,private,default,low,https://kingsalmanpark.sa
مؤسسة المسار الرياضي,Sports Boulevard Foundation,الترفيه والرياضة والإعلام,منطقة الرياض,private,default,low,https://sportsboulevard.sa
مدينة المعرفة الاقتصادية,Knowledge Economic City - KEC,الدفاع والطيران والفضاء,منطقة المدينة المنورة,private,default,low,https://www.madinahkec.com
إعمار المدينة الاقتصادية - مدينة الملك عبدالله,KAEC,الدفاع والطيران والفضاء,منطقة مكة المكرمة,private,default,low,https://www.kaec.net
شركة الرياض للتعمير,ARDCO,العقار والتطوير الحضري,منطقة الرياض,private,default,low,https://riyadh.dev/en/
شركة مكة للإنشاء والتعمير,Makkah Construction & Development,العقار والتطوير الحضري,منطقة مكة المكرمة,private,default,low,https://mcdc.com.sa
الشركة السعودية لإعادة التمويل العقاري,SRC,الخدمات المالية,منطقة الرياض,private,default,low,https://srt.com.sa
شركة أجدان للتطوير العقاري,Ajdan Real Estate Development,العقار والتطوير الحضري,المنطقة الشرقية,private,private_override:أجدان للتطوير العقاري,high,https://ajdan.com.sa
شركة أسس للتطوير العقاري,Osus Real Estate,العقار والتطوير الحضري,منطقة الرياض,private,private_override:أسس للتطوير,high,https://osus.sa
شركة عبر المملكة للاستثمار العقاري,Pan Kingdom Investment,الخدمات المالية,منطقة الرياض,private,default,low,https://pankingsa.com
شركة ألفا ستار لخدمات الطيران,Alpha Star Aviation,الخدمات اللوجستية والنقل,منطقة الرياض,private,default,low,https://alphastar.com.sa
شركة نيكسس لخدمات عمليات الطيران,Nexus Flight Operations,إدارة المرافق والتشغيل,منطقة مكة المكرمة,private,default,low,https://nexus.aero
شركة جي دي سي الشرق الأوسط لهندسة الطيران,GDC Middle East,التشييد والهندسة والبنية التحتية,منطقة الرياض,private,default,low,https://www.gdcme.com
أكاديمية أكسفورد السعودية للطيران,OxfordSaudia,التعليم وتنمية رأس المال البشري,المنطقة الشرقية,private,default,low,https://oxfordsaudia.com
شركة أراباسكو لخدمات الطيران,Arabasco,الخدمات اللوجستية والنقل,منطقة مكة المكرمة,private,default,low,https://arabasco.aero
شركة جيت أفياشن السعودية,Jet Aviation Saudi Arabia,الخدمات اللوجستية والنقل,منطقة مكة المكرمة,private,default,low,https://www.jetaviation.com/locations/saudi-arabia
الأكاديمية السعودية للطيران المدني,SACA,التعليم وتنمية رأس المال البشري,منطقة مكة المكرمة,government,gov:الأكاديمية السعودية للطيران,high,https://saca.edu.sa
شركة طيران ولان,Wallan Aviation,الخدمات اللوجستية والنقل,منطقة الرياض,private,default,low,https://wallanaviation.com
أسواق التميمي,Tamimi Markets,التجزئة والتجارة الإلكترونية والخدمات الاستهلاكية,المنطقة الشرقية,private,default,low,https://tamimimarkets.com
شركة درعة للعطور,Deraah Perfumes,التجزئة والتجارة الإلكترونية والخدمات الاستهلاكية,منطقة الرياض,private,default,low,https://www.deraah.com.sa
شركة الجميح للسيارات,Aljomaih Automotive,السيارات والتنقل,المنطقة الشرقية,private,default,low,https://www.aljomaihauto.com
شركة المطلق للمفروشات,Almutlaq Furniture,التجزئة والتجارة الإلكترونية والخدمات الاستهلاكية,منطقة الرياض,private,default,low,https://almutlaqfurniture.com
مفروشات الرقيب,Al Rugaib Furniture,التجزئة والتجارة الإلكترونية والخدمات الاستهلاكية,المنطقة الشرقية,private,default,low,https://www.alrugaibfurniture.com
الصندوق الأسود للإلكترونيات,Black Box,الخدمات المالية,منطقة الرياض,private,default,low,https://blackbox.com.sa
تطبيق وموقع حراج,Haraj,التجزئة والتجارة الإلكترونية والخدمات الاستهلاكية,منطقة الرياض,private,default,low,https://haraj.com.sa
منصة فلاورد السعودية,Floward KSA,التجزئة والتجارة الإلكترونية والخدمات الاستهلاكية,منطقة الرياض,private,default,low,https://floward.com
موقع قولدن سنت,Golden Scent,التجزئة والتجارة الإلكترونية والخدمات الاستهلاكية,المنطقة الشرقية,private,default,low,https://www.goldenscent.com
الشركة السعودية للقهوة,Saudi Coffee Company - PIF,الخدمات المالية,منطقة الرياض,private,default,low,https://saudicoffee.com
شركة المطاحن الأولى,First Milling Company,الغذاء والزراعة والاستزراع المائي,منطقة مكة المكرمة,private,default,low,https://firstmilling.com
شركة المطاحن الحديثة,Modern Mills Company,الغذاء والزراعة والاستزراع المائي,منطقة مكة المكرمة,private,default,low,https://modernmills.com.sa
شركة تبوك للتنمية الزراعية - تادكو,TADCO,الغذاء والزراعة والاستزراع المائي,منطقة تبوك,private,default,low,https://tadco-agri.com
شركة تراث المدينة,Al Madinah Heritage Company,السياحة والضيافة والثقافة,منطقة المدينة المنورة,private,default,low,https://almadinahheritage.com
شركة وفرة للصناعة والتنمية,Wafrah,الصناعة والتصنيع,منطقة الرياض,private,default,low,https://wafrah.com
الشركة السعودية للأسماك,Saudi Fisheries Company,الغذاء والزراعة والاستزراع المائي,منطقة الرياض,private,default,low,https://alasmak.com.sa
شركة باجة للصناعات الغذائية,Baja Food Industries,الغذاء والزراعة والاستزراع المائي,منطقة الرياض,private,default,low,https://baja.com.sa
شركة الشرقية للتنمية,Asharqiya Development,الغذاء والزراعة والاستزراع المائي,المنطقة الشرقية,private,default,low,https://asharqiyah.com.sa
شركة القصيم القابضة للاستثمار,QAIC,الخدمات المالية,منطقة القصيم,private,default,low,https://qaic.com.sa
شركة العلالي,Al Alali,العقار والتطوير الحضري,منطقة مكة المكرمة,private,private_override:العلالي,high,https://alalali.com
الشركة السعودية لصناعة المحركات - مكين,Makeen,الصناعة والتصنيع,المنطقة الشرقية,private,default,low,https://makeen.com.sa
شركة أسمنت السعودية,Saudi Cement,التعدين والمعادن والمواد,المنطقة الشرقية,private,default,low,https://saudicement.com.sa
شركة صناعات العيسى,Al Essa Industries,الصناعة والتصنيع,منطقة الرياض,private,default,low,https://alessa.com.sa
شركة تصنيع مواد التعبئة والتغليف,FIPCO,الصناعة والتصنيع,منطقة الرياض,private,default,low,https://fipco.com.sa
الشركة السعودية للصناعات المتطورة,SAIC,الصناعة والتصنيع,منطقة الرياض,private,default,low,https://saic.com.sa
شركة الزجاج الوطنية,Zoujaj,الصناعة والتصنيع,منطقة الرياض,private,default,low,https://zoujaj-glass.com
الشركة السعودية لإنتاج الأنابيب الفخارية,SVCP,التعدين والمعادن والمواد,منطقة الرياض,private,default,low,https://svcp-sa.com
شركة العبداللطيف للاستثمار الصناعي,Al Abdullatif Industrial Investment,الخدمات المالية,منطقة الرياض,private,default,low,https://www.alabdullatif.com
شركة نسيج العالمية التجارية,Naseej International Trading,الصناعة والتصنيع,منطقة مكة المكرمة,private,default,low,https://naseej.com.sa
مصنع الراشد للعلب البلاستيكية,Al Rashed PEF,الصناعة والتصنيع,منطقة الرياض,private,default,low,https://alrashed-pef.com
شركة كليات التميز,Colleges of Excellence,التعليم وتنمية رأس المال البشري,منطقة الرياض,private,default,low,https://coe.com.sa
الأكاديمية الوطنية للصناعات العسكرية,NAMI,الدفاع والطيران والفضاء,منطقة الرياض,private,default,low,https://nami.edu.sa
الأكاديمية السعودية اللوجستية,Saudi Logistics Academy,التعليم وتنمية رأس المال البشري,منطقة الرياض,government,gov:الأكاديمية السعودية اللوجستية,high,https://sla.edu.sa
الأكاديمية الوطنية للطاقة,National Energy Academy - NEA,الطاقة والمرافق والمياه,المنطقة الشرقية,private,default,low,https://nea.edu.sa
الأكاديمية السعودية للمياه,Saudi Water Academy,الطاقة والمرافق والمياه,المنطقة الشرقية,government,gov:الأكاديمية السعودية للمياه,high,https://swa.edu.sa
المعهد السعودي التقني لخدمات البترول,SPSP,النفط والغاز والبتروكيماويات,المنطقة الشرقية,private,default,low,https://spsp.edu.sa
المعهد العالي للصناعات البلاستيكية,HIPF,التعليم وتنمية رأس المال البشري,منطقة الرياض,private,default,low,https://hipf.edu.sa
المعهد السعودي للإلكترونيات والأجهزة المنزلية,SEHAI,التعليم وتنمية رأس المال البشري,منطقة الرياض,private,default,low,https://sehai.edu.sa
معهد ريادة الأعمال الوطني - ريادة,Riyadah,التعليم وتنمية رأس المال البشري,منطقة الرياض,private,default,low,https://riyadah.com.sa
شركة المدارس المتقدمة,Advanced Schools Company,التعليم وتنمية رأس المال البشري,منطقة الرياض,private,default,low,https://madares.com.sa
شركة ابن رشد التعليمية,Ibn Rushd Educational Co,التعليم وتنمية رأس المال البشري,منطقة الرياض,private,default,low,https://ibnrushd.edu.sa
شركة مدارس رواد الخليج العالمية,Rowad Alkhaleej,التعليم وتنمية رأس المال البشري,المنطقة الشرقية,private,default,low,https://rais.edu.sa
مدارس الرياض,Riyadh Schools,التعليم وتنمية رأس المال البشري,منطقة الرياض,private,default,low,https://riyadhschools.edu.sa
مدارس الملك فيصل,King Faisal School,التعليم وتنمية رأس المال البشري,منطقة الرياض,private,default,low,https://kfs.sch.sa
مدارس الظهران الأهلية,Dhahran Ahliyya Schools,الترفيه والرياضة والإعلام,المنطقة الشرقية,private,default,low,https://das.sch.sa
شركة الخليج للكيماويات,Gulf Chemicals,الدفاع والطيران والفضاء,منطقة الرياض,private,default,low,https://gulfchemicals.com
شركة الغاز الصناعية,Industrial Gas,النفط والغاز والبتروكيماويات,المنطقة الشرقية,private,default,low,https://industrialgas.sa
شركة التكنولوجيا الكيميائية,Chemical Technology,الدفاع والطيران والفضاء,منطقة الرياض,private,default,low,https://ctc.com.sa
شركة مجمع صناعات البتروكيماويات,Petrochem Complex,النفط والغاز والبتروكيماويات,المنطقة الشرقية,private,default,low,https://petrochem.sa
شركة الرائد للبتروكيماويات,Al Raed Petrochemicals,الدفاع والطيران والفضاء,منطقة الرياض,private,default,low,https://alraed.com.sa
شركة كيماويات الخليج المتطورة,Advanced Gulf Chemicals,الدفاع والطيران والفضاء,منطقة الرياض,private,default,low,https://agc.com.sa
شركة إمداد الكيماويات,Chemical Supply,الدفاع والطيران والفضاء,المنطقة الشرقية,private,default,low,https://chemsupply.sa
شركة أرلانكسيو السعودية,ARLANXEO Saudi Arabia,النفط والغاز والبتروكيماويات,المنطقة الشرقية,private,default,low,https://www.arlanxeo.com
نادي الأهلي السعودي,Al Ahli Saudi FC,الترفيه والرياضة والإعلام,منطقة مكة المكرمة,private,default,low,https://alahlifc.sa
رابطة الدوري السعودي للمحترفين,Saudi Pro League,الترفيه والرياضة والإعلام,منطقة الرياض,private,default,low,https://spl.com.sa
الاتحاد السعودي لكرة القدم,SAFF,الترفيه والرياضة والإعلام,منطقة الرياض,private,default,low,https://www.saff.com.sa
شركة ساند سوفت للألعاب,Sandsoft Games,الترفيه والرياضة والإعلام,منطقة الرياض,private,default,low,https://sandsoft.com
ستير ستوديوز لتطوير الألعاب,Steer Studios,العقار والتطوير الحضري,منطقة الرياض,private,private_override:ستير ستوديوز,high,https://steerstudios.com
شركة فوڤ للألعاب والرياضات الإلكترونية,VOV Gaming,الدفاع والطيران والفضاء,منطقة الرياض,private,default,low,https://vov.gg
الشركة الدولية لتوزيع المياه - توزيع,Tawzea,الطاقة والمرافق والمياه,منطقة مكة المكرمة,private,default,low,https://www.tawzea.com
شركة إدارة الخدمات البيئية العالمية,GEMS,البيئة والاستدامة,منطقة مكة المكرمة,private,default,low,https://gems-ksa.com
شركة بيئة,Bee'ah Saudi Arabia,البيئة والاستدامة,منطقة الرياض,private,default,low,https://beeahgroup.com/sa
شركة الجيهاز القابضة - قطاع الطاقة,Aljehaz Holding,الطاقة والمرافق والمياه,منطقة الرياض,private,default,low,https://aljehaz.com
شركة جنرال إلكتريك السعودية,GE Saudi Arabia,الطاقة والمرافق والمياه,منطقة الرياض,private,default,low,https://www.ge.com/saudi-arabia
مجموعة إي في ميتالز السعودية,EV Metals Group KSA,التعدين والمعادن والمواد,منطقة المدينة المنورة,private,default,low,https://www.evmetalsgroup.com
آيفانهو إلكتريك السعودية,Ivanhoe Electric KSA,التعدين والمعادن والمواد,منطقة الرياض,private,default,low,https://ivanhoeelectric.com
موكسيكو ريسورسيز السعودية,Moxico Resources,التعدين والمعادن والمواد,منطقة الرياض,private,default,low,https://www.moxico.com
شركة النافع للحديد,Al-Nafie Steel,التعدين والمعادن والمواد,منطقة مكة المكرمة,private,default,low,https://www.alnafie-steel.com
شركة حديد الرياض,Riyadh Steel,التعدين والمعادن والمواد,منطقة الرياض,private,default,low,https://www.riyadhsteel.com.sa
شركة تطوير العلا,AlUla Development Company,العقار والتطوير الحضري,منطقة الرياض,semi_government,semi:شركة تطوير العلا,high,https://udc.sa
شركة أردارا - مشروع الوادي,ARDARA,العقار والتطوير الحضري,منطقة عسير,private,default,low,https://ardara.sa
شركة جدة الاقتصادية,Jeddah Economic Company,الدفاع والطيران والفضاء,منطقة مكة المكرمة,private,default,low,https://jec.sa
شركة كادن للاستثمار,Kaden Investment,الخدمات المالية,منطقة الرياض,private,default,low,https://kaden.com.sa
شركة آل سعيدان للعقارات,Al Saedan Real Estate,العقار والتطوير الحضري,منطقة الرياض,private,default,low,https://alsaedan.com
وكالة الفضاء السعودية,Saudi Space Agency - SSA,الدفاع والطيران والفضاء,منطقة الرياض,private,default,low,https://ssa.gov.sa
شركة تأجير الطائرات,AviLease,الخدمات اللوجستية والنقل,منطقة الرياض,private,default,low,https://avilease.com
طيران السعودية الخاص,Saudia Private Aviation - SPA,الخدمات اللوجستية والنقل,منطقة مكة المكرمة,semi_government,semi:Saudia,high,https://www.spa.sa
شركة ناس جت للطيران الخاص,NasJet,الخدمات اللوجستية والنقل,منطقة الرياض,private,default,low,https://nasjet.com.sa
مجموعة دله أفكو عبر البلاد العربية,Dallah Avco,الخدمات اللوجستية والنقل,منطقة مكة المكرمة,private,default,low,https://dallahavco.com
شركة الأمد السعودي لتموين المطارات,SAAS,الخدمات اللوجستية والنقل,منطقة مكة المكرمة,private,default,low,https://saas.com.sa
شركة دار التخطيط,Dar Al-Takhit,التشييد والهندسة والبنية التحتية,منطقة الرياض,private,default,low,https://daraltakhit.com
شركة محرم وباخشب,Moharram-Bakoum,التشييد والهندسة والبنية التحتية,منطقة مكة المكرمة,private,default,low,https://www.mb-engineers.com
شركة كاف,CAV - Engineering Consulting,التشييد والهندسة والبنية التحتية,منطقة الرياض,private,default,low,https://cav-sa.com
شركة أتكينز ريالس,AtkinsRéalis,التشييد والهندسة والبنية التحتية,منطقة الرياض,private,default,low,https://www.atkinsrealis.com
شركة موت ماكدونالد,Mott MacDonald,التشييد والهندسة والبنية التحتية,منطقة الرياض,private,default,low,https://www.mottmac.com
شركة أريب للاستشارات الهندسية,Areeb Consulting,الخدمات المهنية والاستشارية,منطقة الرياض,private,default,low,https://areeb-eng.com
شركة المهيدب للاستشارات الهندسية,Al Muhaidib,الخدمات المهنية والاستشارية,المنطقة الشرقية,private,default,low,https://muhaidib.com
شركة دار المعمار للاستشارات الهندسية,DMC,التشييد والهندسة والبنية التحتية,منطقة الرياض,private,default,low,https://dmc.sa
الشركة العربية السعودية للاستثمارات الصناعية,Dussur,الخدمات المالية,منطقة الرياض,private,default,low,https://www.dussur.com
شركة الجفالي للمعدات الصناعية,JIPCO,الصناعة والتصنيع,منطقة مكة المكرمة,private,default,low,https://www.jipco.com.sa
شركة العيسى للصناعات,Alessa Industries,الصناعة والتصنيع,منطقة الرياض,private,default,low,https://www.alessa.com.sa
شركة الخريف للصناعات التجارية,Alkhorayef Commercial,الصناعة والتصنيع,منطقة الرياض,private,default,low,https://www.alkhorayef.com
شركة صناعات العزل العربية - عوازل,Awazel,الصناعة والتصنيع,منطقة الرياض,private,default,low,https://awazel.com
الشركة السعودية لصناعة البيتومين - سابيت,SABIT,الصناعة والتصنيع,منطقة الرياض,private,default,low,https://sabit.com.sa
شركة الشرق الأوسط للبطاريات,MEBCO,الصناعة والتصنيع,المنطقة الشرقية,private,default,low,https://mebco.com
الشركة السعودية لصناعات التيتانيوم الإسفنجي,ATTM,العقار والتطوير الحضري,منطقة المدينة المنورة,private,private_override:صناعات التيتانيوم,high,https://attm.com.sa
شركة كابلات جدة,Jeddah Cables,التعدين والمعادن والمواد,منطقة مكة المكرمة,private,default,low,https://jeddah-cables.com
شركة الصناعات الكيميائية الأساسية,BCI,الصناعة والتصنيع,المنطقة الشرقية,private,default,low,https://www.bci.sa
شركة الخزف المعاصر,Contemporary Ceramics,الدفاع والطيران والفضاء,منطقة الرياض,private,default,low,https://contemporaryceramics.com
الشركة السعودية للتسويق - أسواق المزرعة,Farm Superstores,التجزئة والتجارة الإلكترونية والخدمات الاستهلاكية,المنطقة الشرقية,private,default,low,https://farm.com.sa
شركة لولو السعودية,LuLu Saudi Arabia,التجزئة والتجارة الإلكترونية والخدمات الاستهلاكية,منطقة الرياض,private,default,low,https://www.luluhypermarket.com
مجموعة شلهوب,Chalhoub Group KSA,التجزئة والتجارة الإلكترونية والخدمات الاستهلاكية,منطقة الرياض,private,default,low,https://www.chalhoubgroup.com
شركة لاندمارك العربية,Landmark Arabia,التجزئة والتجارة الإلكترونية والخدمات الاستهلاكية,منطقة مكة المكرمة,private,default,low,https://www.landmarkgroup.com
مجموعة أباريل,Apparel Group KSA,التجزئة والتجارة الإلكترونية والخدمات الاستهلاكية,منطقة الرياض,private,default,low,https://apparelgroupglobal.com
تطبيق تويو للتوصيل,ToYou,الخدمات اللوجستية والنقل,منطقة الرياض,private,default,low,https://toyou.io
تطبيق شقردي,Shgardi,الخدمات اللوجستية والنقل,المنطقة الشرقية,private,default,low,https://shgardi.app
منصة رسال,Resal,الخدمات اللوجستية والنقل,منطقة الرياض,private,default,low,https://resal.me
المجموعة الوطنية للاستزراع المائي,National Aquaculture Group,الغذاء والزراعة والاستزراع المائي,منطقة مكة المكرمة,private,default,low,https://www.naqua.com.sa
مجموعة السنبلة,Sunbulah Group,الغذاء والزراعة والاستزراع المائي,منطقة مكة المكرمة,private,default,low,https://www.sunbulahgroup.com
الشركة الوطنية للخدمات الزراعية,National Company for Agricultural Services - AgriServ,الغذاء والزراعة والاستزراع المائي,منطقة الرياض,private,default,low,https://agriserv.sa/en
شركة آني وداني للصناعات الغذائية,Aani & Dani Dairy and Food Industries,الغذاء والزراعة والاستزراع المائي,منطقة الرياض,private,default,low,https://www.aanidani.com
شركة شاورمر للأغذية,Shawarmer Food Company,التجزئة والتجارة الإلكترونية والخدمات الاستهلاكية,منطقة الرياض,private,default,low,https://www.shawarmer.com
إفكو السعودية,IFFCO Saudi Arabia,الغذاء والزراعة والاستزراع المائي,منطقة مكة المكرمة,private,default,low,https://www.iffco.com
دل مونتي العربية السعودية,Del Monte Saudi Arabia,الغذاء والزراعة والاستزراع المائي,منطقة مكة المكرمة,private,default,low,https://www.freshdelmonte.com
شركة ربوع الشام المحدودة,Rubou Al-Sham Company Ltd.,الغذاء والزراعة والاستزراع المائي,منطقة الرياض,private,default,low,https://www.sham.com.sa
الشركة السعودية للتمور,Saudi Dates Company,الغذاء والزراعة والاستزراع المائي,منطقة الرياض,private,default,low,https://saudidates.sa
مؤسسة عكاظ للصحافة والنشر,Okaz Organization for Press and Publication,الترفيه والرياضة والإعلام,منطقة مكة المكرمة,private,default,low,https://www.okaz.com.sa
مؤسسة المدينة للصحافة والنشر,Al Madina Press and Publishing Organization,الترفيه والرياضة والإعلام,منطقة مكة المكرمة,private,default,low,https://www.al-madina.com
مؤسسة اليمامة الصحفية,Al Yamamah Press Establishment,الترفيه والرياضة والإعلام,منطقة الرياض,private,default,low,https://www.alriyadh.com
مؤسسة الجزيرة للصحافة والطباعة والنشر,"Al Jazirah Corporation for Press, Printing & Publishing",الترفيه والرياضة والإعلام,منطقة الرياض,private,default,low,https://www.al-jazirah.com
دار اليوم للإعلام,Al Yaum Media House,الترفيه والرياضة والإعلام,المنطقة الشرقية,private,default,low,https://www.alyaum.com
مؤسسة عسير للصحافة والنشر – صحيفة الوطن,Assir Press & Publishing Establishment – Al Watan,الترفيه والرياضة والإعلام,منطقة عسير,private,default,low,https://www.alwatan.com.sa
شركة أرقام الاستثمارية,Argaam Investment Company,الخدمات المالية,منطقة الرياض,private,default,low,https://www.argaam.com
شركة إيجاز للنشر الإلكتروني – صحيفة عاجل,Ejaz Electronic Publishing – Ajel,الترفيه والرياضة والإعلام,منطقة الرياض,private,default,low,https://egaz.sa/ajel.html
شركة ثمانية للنشر والتوزيع,Thmanyah Publishing & Distribution,الترفيه والرياضة والإعلام,منطقة الرياض,private,default,low,https://company.thmanyah.com
دار أثر للنشر والتوزيع,Dar Athar Publishing & Distribution,الترفيه والرياضة والإعلام,المنطقة الشرقية,private,default,low,https://darathar.net
دار تأثير للنشر والتوزيع,Taatheer Publishing & Distribution,الترفيه والرياضة والإعلام,منطقة الرياض,private,default,low,https://www.taatheer.sa
مركز الأدب العربي,Arab Literature Center,القطاع الحكومي والعام,منطقة الرياض,private,default,low,https://adab-book.com
دار حبر للنشر والترجمة والتوزيع,"Dar Hibr Publishing, Translation & Distribution",الترفيه والرياضة والإعلام,المنطقة الشرقية,private,default,low,https://darhibr.com
شركة تام التنموية,TAM Development,الخدمات المهنية والاستشارية,منطقة الرياض,private,default,low,https://www.tam.sa
مكاتفة,Mukatafa,الخدمات المهنية والاستشارية,منطقة الرياض,private,default,low,https://mukatafa.org
جرانت ثورنتون السعودية,Grant Thornton Saudi Arabia,الخدمات المهنية والاستشارية,منطقة الرياض,private,default,low,https://www.grantthornton.sa
بي دي أو د. محمد العمري وشركاه,BDO Dr. Mohamed Al-Amri & Co.,الخدمات المهنية والاستشارية,منطقة الرياض,private,default,low,https://www.bdoalamri.com/en-gb/home
كرو السعودية,Crowe Saudi Arabia,الخدمات المهنية والاستشارية,منطقة الرياض,private,default,low,https://www.crowe.com/sa
آر إس إم السعودية,RSM Saudi Arabia,الخدمات المهنية والاستشارية,منطقة الرياض,private,default,low,https://www.rsm.global/saudiarabia
بيكر تيلي السعودية,Baker Tilly Saudi Arabia,الخدمات المهنية والاستشارية,منطقة الرياض,private,default,low,https://www.bakertilly.sa
فورفيس مازارز السعودية,Forvis Mazars Saudi Arabia,الخدمات المهنية والاستشارية,منطقة الرياض,private,default,low,https://www.forvismazars.com/sa/en
بروتيفيتي السعودية,Protiviti Saudi Arabia,الخدمات المهنية والاستشارية,منطقة الرياض,private,default,low,https://www.protiviti.com/sa-en
إف تي آي للاستشارات,FTI Consulting,الخدمات المهنية والاستشارية,منطقة الرياض,private,default,low,https://www.fticonsulting.com
سيا بارتنرز السعودية,Sia Partners,الخدمات المهنية والاستشارية,منطقة الرياض,private,default,low,https://www.sia-partners.com/en/about-us/our-locations/saudi-arabia
وايت شيلد,Whiteshield,الخدمات المهنية والاستشارية,منطقة الرياض,private,default,low,https://whiteshield.ai/contact/riyadh/
كورن فيري السعودية,Korn Ferry Saudi Arabia,الخدمات المهنية والاستشارية,منطقة الرياض,private,default,low,https://www.kornferry.com/sa/about-us/global-offices/riyadh
أليكس بارتنرز السعودية,AlixPartners Saudi Arabia,الخدمات المهنية والاستشارية,منطقة الرياض,private,default,low,https://www.alixpartners.com/get-in-touch/offices/riyadh/
إيجون زندر,Egon Zehnder,الخدمات المهنية والاستشارية,منطقة الرياض,private,default,low,https://www.egonzehnder.com/office/middle-east
شركة السيف للمقاولات الهندسية,El-Seif Engineering Contracting,التشييد والهندسة والبنية التحتية,منطقة الرياض,private,default,low,https://www.el-seif.com.sa/en
شركة العيوني للاستثمار والمقاولات,AL-AYUNI Investment & Contracting,الخدمات المالية,منطقة الرياض,private,default,low,https://al-ayuni.com
الشركة السعودية للبنية التحتية العقارية,BINYAH,العقار والتطوير الحضري,منطقة الرياض,private,default,low,https://www.binyah.com.sa
شركة سعودي بان كينغدوم للمقاولات,Saudi Pan Kingdom / SAPAC,التشييد والهندسة والبنية التحتية,منطقة الرياض,private,default,low,https://sapac.com.sa
الشركة السعودية لخدمات الأعمال الكهربائية والميكانيكية,SSEM,التشييد والهندسة والبنية التحتية,منطقة الرياض,private,default,low,https://ssem.com.sa
شركة الراشد للتجارة والمقاولات,Al-Rashid Trading & Contracting / RTCC,التشييد والهندسة والبنية التحتية,منطقة الرياض,private,default,low,https://www.rtcc.com.sa
شركة الحربي للتجارة والمقاولات,Al Harbi Trading & Contracting,التشييد والهندسة والبنية التحتية,منطقة الرياض,private,default,low,https://www.alharbiidc.com
شركة الفوزان للمقاولات العامة,AlFouzan General Construction,التشييد والهندسة والبنية التحتية,منطقة الرياض,private,default,low,https://alfouzan.com
شركة المقاولات والإنشاءات المحدودة,Contracting & Construction Enterprises / CCE,التشييد والهندسة والبنية التحتية,منطقة الرياض,private,default,low,https://www.ccesaudi.org
شركة الكفاح للمقاولات,AlKifah Contracting,التشييد والهندسة والبنية التحتية,المنطقة الشرقية,private,default,low,https://kcc.com.sa
شركة مفرح مرزوق الحربي وشركاه المحدودة,Mofarreh Alharbi & Partners,الخدمات المهنية والاستشارية,المنطقة الشرقية,private,default,low,https://mofarrehgroup.com.sa
شركة إيه بي في روك جروب المحدودة,ABV Rock Group,التشييد والهندسة والبنية التحتية,منطقة الرياض,private,default,low,https://abvrock.com
شركة بيتور السعودية,Saudi Arabian Baytur,التشييد والهندسة والبنية التحتية,المنطقة الشرقية,private,default,low,https://baytur.com.sa
شركة أزميل للمقاولات,AZMEEL Contracting,التشييد والهندسة والبنية التحتية,المنطقة الشرقية,private,default,low,https://www.azmeel.com
شركة بيمكو العربية للمقاولات المحدودة,Arabian Bemco Contracting,التشييد والهندسة والبنية التحتية,منطقة مكة المكرمة,private,default,low,https://bemco.net
شركة الصحة القابضة,Health Holding Company,الرعاية الصحية وعلوم الحياة,منطقة الرياض,private,default,low,https://www.health.sa/en
شركة الموسى الصحية,Almoosa Health Company,الرعاية الصحية وعلوم الحياة,المنطقة الشرقية,private,default,low,https://almoosahealthgroup.org/en/about-almoosa/
المركز الطبي الدولي,International Medical Center,الرعاية الصحية وعلوم الحياة,منطقة مكة المكرمة,private,default,low,https://www.imc.med.sa/en
شركة مختبرات البرج الطبية,Al Borg Diagnostics,الرعاية الصحية وعلوم الحياة,منطقة مكة المكرمة,private,default,low,https://alborgdx.com/ksa/en/about-al-borg/
مختبرات دلتا الطبية,Delta Medical Laboratories,الرعاية الصحية وعلوم الحياة,منطقة الرياض,private,default,low,https://www.delta-medlab.com/en
شركة أفالون فارما,Avalon Pharma,الرعاية الصحية وعلوم الحياة,منطقة الرياض,private,default,low,https://www.avalonpharmaceutical.com/
شركة الرياض فارما,Riyadh Pharma,الرعاية الصحية وعلوم الحياة,منطقة الرياض,private,default,low,https://www.riyadhpharma.com/
شركة فارما للصناعات الدوائية,Pharma Pharmaceutical Industries,الرعاية الصحية وعلوم الحياة,منطقة الرياض,private,default,low,https://pharma.com.sa/
ألفا فارما,Alpha Pharma,الرعاية الصحية وعلوم الحياة,منطقة مكة المكرمة,private,default,low,https://alphapharma.com.sa/
الشركة السعودية للتقنية الحيوية,Saudi Biotechnology Manufacturing Company / SAUDIBIO,التقنية والاقتصاد الرقمي,منطقة الرياض,private,default,low,https://saudibio.com/
لايفيرا,Lifera,الرعاية الصحية وعلوم الحياة,منطقة الرياض,private,default,low,https://lifera.com.sa/
ساجا الصيدلانية,SAJA Pharmaceuticals,الرعاية الصحية وعلوم الحياة,منطقة مكة المكرمة,private,default,low,https://www.sajapharma.com/
مجموعة تامر,Tamer Group,الرعاية الصحية وعلوم الحياة,منطقة مكة المكرمة,private,default,low,https://www.tamergroup.com/
شركة الصالحية التجارية,Salehiya Trading Company,الرعاية الصحية وعلوم الحياة,منطقة الرياض,private,default,low,https://salehiya.com/
شركة الخليج الطبية,Gulf Medical Company,الرعاية الصحية وعلوم الحياة,منطقة مكة المكرمة,private,default,low,https://www.gulfmedical.com/
جامعة الأمير سلطان,Prince Sultan University,التعليم وتنمية رأس المال البشري,منطقة الرياض,private,private_override:جامعة الأمير سلطان,high,https://www.psu.edu.sa
جامعة الفيصل,Alfaisal University,التعليم وتنمية رأس المال البشري,منطقة الرياض,private,private_override:جامعة الفيصل,high,https://www.alfaisal.edu
جامعة اليمامة,Al Yamamah University,التعليم وتنمية رأس المال البشري,منطقة الرياض,private,private_override:جامعة اليمامة,high,https://yu.edu.sa
جامعة دار العلوم,Dar Al Uloom University,التعليم وتنمية رأس المال البشري,منطقة الرياض,private,private_override:جامعة دار العلوم,high,https://dau.edu.sa
الجامعة العربية المفتوحة - السعودية,Arab Open University - KSA,التعليم وتنمية رأس المال البشري,منطقة الرياض,private,private_override:الجامعة العربية المفتوحة,high,https://www.arabou.edu.sa
جامعة عفت,Effat University,التعليم وتنمية رأس المال البشري,منطقة مكة المكرمة,private,private_override:جامعة عفت,high,https://www.effatuniversity.edu.sa
جامعة دار الحكمة,Dar Al-Hekma University,التعليم وتنمية رأس المال البشري,منطقة مكة المكرمة,private,private_override:جامعة دار الحكمة,high,https://www.dah.edu.sa
جامعة الأعمال والتكنولوجيا,University of Business and Technology,التعليم وتنمية رأس المال البشري,منطقة مكة المكرمة,private,private_override:جامعة الأعمال والتكنولوجيا,high,https://www.ubt.edu.sa
كلية البترجي الطبية,Batterjee Medical College,الرعاية الصحية وعلوم الحياة,منطقة مكة المكرمة,private,default,low,https://bmc.edu.sa
جامعة رياض العلم,Riyadh Elm University,التقنية والاقتصاد الرقمي,منطقة الرياض,private,private_override:جامعة رياض العلم,high,https://www.riyadh.edu.sa
جامعة الأمير محمد بن فهد,Prince Mohammad Bin Fahd University,التعليم وتنمية رأس المال البشري,المنطقة الشرقية,private,private_override:جامعة الأمير محمد بن فهد,high,https://www.pmu.edu.sa
جامعة الأمير مقرن بن عبدالعزيز,University of Prince Mugrin,التعليم وتنمية رأس المال البشري,منطقة المدينة المنورة,private,private_override:جامعة الأمير مقرن,high,https://upm.edu.sa
جامعة سليمان الراجحي,Sulaiman Alrajhi University,التعليم وتنمية رأس المال البشري,منطقة القصيم,private,private_override:جامعة سليمان الراجحي,high,https://sr.edu.sa
المعهد السعودي التقني للتعدين,Saudi Mining Polytechnic,التعدين والمعادن والمواد,منطقة الحدود الشمالية,private,default,low,https://smp.edu.sa
جامعة فهد بن سلطان,Fahad Bin Sultan University,التعليم وتنمية رأس المال البشري,منطقة تبوك,private,private_override:جامعة فهد بن سلطان,high,https://www.fbsu.edu.sa
المجموعة المتحدة للتأمين التعاوني,Allied Cooperative Insurance Group,التأمين وإدارة المخاطر,منطقة الرياض,private,default,low,https://www.acig.com.sa
الشركة العربية السعودية للتأمين التعاوني,Saudi Arabian Cooperative Insurance Company,التأمين وإدارة المخاطر,منطقة الرياض,private,default,low,https://www.saico.com.sa
شركة اتحاد الخليج الأهلية للتأمين التعاوني,Gulf Union Al Ahlia Cooperative Insurance,التأمين وإدارة المخاطر,المنطقة الشرقية,private,default,low,https://www.gulfunion.com.sa
الشركة المتحدة للتأمين التعاوني,United Cooperative Assurance,التأمين وإدارة المخاطر,منطقة الرياض,private,default,low,https://www.uca.com.sa
شركة التأمين العربية التعاونية,Arabia Insurance Cooperative Company,التأمين وإدارة المخاطر,منطقة الرياض,private,default,low,https://www.aicc.com.sa
شركة الوطنية للتأمين,Wataniya Insurance Company,التأمين وإدارة المخاطر,منطقة مكة المكرمة,private,default,low,https://www.wataniya.com.sa
شركة عناية السعودية للتأمين التعاوني,Saudi Enaya Cooperative Insurance,التأمين وإدارة المخاطر,منطقة مكة المكرمة,private,default,low,https://www.saudienaya.com
الشركة السعودية لإعادة التأمين,Saudi Reinsurance Company,التأمين وإدارة المخاطر,منطقة الرياض,private,default,low,https://saudire.net
الجزيرة تكافل تعاوني,Aljazira Takaful Taawuni,التأمين وإدارة المخاطر,منطقة مكة المكرمة,private,default,low,https://www.aljaziratakaful.com.sa
سيغنا للتأمين السعودية,Cigna Insurance Saudi Arabia,التأمين وإدارة المخاطر,منطقة الرياض,private,default,low,https://www.cignahealthcare.com.sa
تأميني لوساطة التأمين الإلكترونية,Tameeni Electronic Insurance Brokerage,التأمين وإدارة المخاطر,منطقة الرياض,private,default,low,https://www.tameeni.com
بي كير لوساطة التأمين,BCare Insurance Brokerage,التأمين وإدارة المخاطر,منطقة الرياض,private,default,low,https://www.bcare.com
غلوب مد السعودية,GlobeMed Saudi,التأمين وإدارة المخاطر,منطقة الرياض,private,default,low,https://www.globemedsaudi.com
هاودن السعودية,Howden Saudi Arabia,التأمين وإدارة المخاطر,منطقة الرياض,private,default,low,https://www.howdengroup.com/sa-en
شركة بيت التأمين,Insurance House Company / IHC,التأمين وإدارة المخاطر,منطقة الرياض,private,default,low,https://ihc.com.sa
شركة السودة للتطوير,Soudah Development,العقار والتطوير الحضري,منطقة الرياض,semi_government,semi:سودة للتطوير,high,https://soudah.sa/en/about-soudah-development
شركة عسير للاستثمار,Aseer Investment Company,الخدمات المالية,منطقة الرياض,private,default,low,https://aseerinvestment.com/
شركة تطوير البلد,Al Balad Development Company,العقار والتطوير الحضري,منطقة مكة المكرمة,private,default,low,https://balad.com.sa/en/
شركة بهيج لتطوير الوجهات السياحية,Baheej Tourism Development Company,العقار والتطوير الحضري,المنطقة الشرقية,private,private_override:بهيج لتطوير,high,https://baheej.com.sa/en/about/
مجموعة إيلاف,Elaf Group,السياحة والضيافة والثقافة,منطقة مكة المكرمة,private,default,low,https://elafgroup.com/about/
مجموعة فنادق ومنتجعات بودل,Boudl Hotels & Resorts,السياحة والضيافة والثقافة,منطقة الرياض,private,default,low,https://boudl.com/en/about-us
شركة المطار للسفر والسياحة,almatar,السياحة والضيافة والثقافة,منطقة الرياض,private,default,low,https://almatar.com/en/about-us/
شركة صدى للضيافة,Sadaa Hospitality,الرعاية الصحية وعلوم الحياة,منطقة المدينة المنورة,private,default,low,https://sadaa.com.sa/en
الضيافة البلد,Al Balad Hospitality,الرعاية الصحية وعلوم الحياة,منطقة مكة المكرمة,private,default,low,https://albaladhospitality.com/
فنادق مادن,Maden Hotels,السياحة والضيافة والثقافة,منطقة المدينة المنورة,private,default,low,https://madenhotels.com/en/
مبات,Mabaat,السياحة والضيافة والثقافة,منطقة مكة المكرمة,private,default,low,https://mabaat.com/en/about-us
جاذر إن,Gathern,السياحة والضيافة والثقافة,منطقة الرياض,private,default,low,https://gathern.co/en
منتجع شادن العلا,Shaden Resort AlUla,العقار والتطوير الحضري,منطقة المدينة المنورة,private,private_override:منتجع شادن العلا,high,https://alula.shadenhospitality.sa/
هابيتاس العلا,Our Habitas AlUla,العقار والتطوير الحضري,منطقة المدينة المنورة,private,private_override:هابيتاس العلا,high,https://www.ourhabitas.com/alula/
بانيان تري العلا,Banyan Tree AlUla,العقار والتطوير الحضري,منطقة المدينة المنورة,private,private_override:بانيان تري العلا,high,https://www.banyantree.com/saudi-arabia/alula
مجموعة باسمح,Basamh Group,الغذاء والزراعة والاستزراع المائي,منطقة مكة المكرمة,private,default,low,https://basamhgroup.com
شركة رضوى الغذائية,Radwa Food Co.,الغذاء والزراعة والاستزراع المائي,منطقة مكة المكرمة,private,default,low,https://www.radwachicken.com
شركة الألبان الوطنية المتحدة,United National Dairy Company,الغذاء والزراعة والاستزراع المائي,المنطقة الشرقية,private,default,low,https://www.und-ksa.com
شركة فرسان للأغذية والمنتجات الاستهلاكية,Forsan Foods & Consumer Products,التجزئة والتجارة الإلكترونية والخدمات الاستهلاكية,منطقة الرياض,private,default,low,https://www.forsan.com.sa
شركة الخدمات الغذائية العربية,Arabian Food Supplies,الغذاء والزراعة والاستزراع المائي,منطقة مكة المكرمة,private,default,low,https://afs-sa.com
الشركة العربية للأغذية,Arabian Food,التجزئة والتجارة الإلكترونية والخدمات الاستهلاكية,منطقة الرياض,private,default,low,https://arabianfood.sa
شركة الراجحي الزراعية,Al-Rajhi Agricultural Company,الغذاء والزراعة والاستزراع المائي,منطقة الرياض,private,default,low,https://www.alrajhiagriculturecompany.com
توبيان,Topian,الغذاء والزراعة والاستزراع المائي,منطقة تبوك,private,default,low,https://www.neom.com/en-us/our-business/sectors/food
شركة كوكاكولا السعودية للتعبئة,Coca-Cola Bottling Company of Saudi Arabia,الغذاء والزراعة والاستزراع المائي,منطقة الرياض,private,default,low,https://www.coca-cola.com.sa
بارنز,Barn's,الغذاء والزراعة والاستزراع المائي,منطقة مكة المكرمة,private,default,low,https://barns.com.sa
مجموعة أجوا للصناعات الغذائية,AJWA Group for Food Industries,الغذاء والزراعة والاستزراع المائي,منطقة مكة المكرمة,private,default,low,https://www.ajwa.com
شركة خدمات الأغذية الدولية,International Food Services - IFS,التجزئة والتجارة الإلكترونية والخدمات الاستهلاكية,منطقة مكة المكرمة,private,default,low,https://www.ifs.net.co
الشركة الوطنية لخدمات كفاءة الطاقة - ترشيد,National Energy Services Company - TARSHID,الطاقة والمرافق والمياه,منطقة الرياض,private,default,low,https://www.tarshid.com.sa
شركة نيوم للهيدروجين الأخضر,NEOM Green Hydrogen Company,العقار والتطوير الحضري,منطقة تبوك,semi_government,semi:نيوم,high,https://nghc.com
الشركة الأولى للتشغيل والصيانة,NOMAC,إدارة المرافق والتشغيل,منطقة مكة المكرمة,private,default,low,https://www.nomac.com
شركة الجميح للطاقة والمياه,Al Jomaih Energy & Water Company,الطاقة والمرافق والمياه,منطقة الرياض,private,default,low,https://www.aljomaih.com/en/aljomaih-energy-and-water-company
إي دي إف السعودية,EDF Saudi Arabia,الطاقة والمرافق والمياه,منطقة الرياض,private,default,low,https://ksa.edf.com/en
مصدر السعودية,Masdar Saudi Arabia,الطاقة والمرافق والمياه,منطقة الرياض,private,default,low,https://masdar.ae/en/global-office-locations/saudi-arabia
توتال إنرجيز السعودية,TotalEnergies Saudi Arabia,الطاقة والمرافق والمياه,منطقة الرياض,private,default,low,https://totalenergies.com/saudi-arabia
سافير للطاقة الشمسية,SAFEER Solar,الطاقة والمرافق والمياه,منطقة مكة المكرمة,private,default,low,https://safeer-solar.com/en
القدرة العربية,Arabian Qudra,الطاقة والمرافق والمياه,المنطقة الشرقية,private,default,low,https://arabianqudra.com
سولار أرابيا المحدودة,Solar Arabia Company Ltd.,الطاقة والمرافق والمياه,منطقة الرياض,private,default,low,https://www.solararabialtd.com
الطاقة المتجددة للطاقة البديلة,Altaaqa Renewables,الطاقة والمرافق والمياه,منطقة مكة المكرمة,private,default,low,https://altaaqa-renewables.com
رؤية للصناعة,Vision Industries,الصناعة والتصنيع,منطقة الرياض,private,default,low,https://visionindustries.com
سراج باور السعودية,SirajPower Saudi Arabia,الطاقة والمرافق والمياه,منطقة الرياض,private,default,low,https://sirajpower.com
أساسيات الطاقة,Asasyat Altaqa,الطاقة والمرافق والمياه,المنطقة الشرقية,private,default,low,https://asasyataltaqa.com
يلو دور إنرجي السعودية,Yellow Door Energy Saudi Arabia,الطاقة والمرافق والمياه,منطقة الرياض,private,default,low,https://www.yellowdoorenergy.com
منارة للمعادن,Manara Minerals,التعدين والمعادن والمواد,منطقة الرياض,private,private_override:منارة للمعادن,high,https://manaraminerals.com
الشركة السعودية للصناعات الجيرية,Saudi Lime Industries Company,التعدين والمعادن والمواد,منطقة الرياض,private,default,low,https://saudilime.com
شركة الدولوميت السعودية,Saudi Dolomite Company,التعدين والمعادن والمواد,المنطقة الشرقية,private,default,low,https://saudidolomite.net
شركة الصناعات التعدينية المتحدة,United Mining Industries,التعدين والمعادن والمواد,منطقة مكة المكرمة,private,default,low,https://www.ugc.com.sa
شركة الهيثم للتعدين,Al Haytham Mining Company,التعدين والمعادن والمواد,منطقة الرياض,private,default,low,https://www.agcest.com
شركة المشرق المتقدمة للتعدين,Advanced Mashreq Mining Company,التعدين والمعادن والمواد,منطقة مكة المكرمة,private,default,low,https://www.ammco.com.sa
داركستون العربية,Darkstone Arabia,التعدين والمعادن والمواد,منطقة الرياض,private,default,low,https://darkstone.com.sa
شركة عمار للتعدين,Amaar Mining Company,التعدين والمعادن والمواد,المنطقة الشرقية,private,default,low,https://amaarmining.com.sa
شركة منتجات الألمنيوم,Aluminium Products Company - ALUPCO,التعدين والمعادن والمواد,المنطقة الشرقية,private,private_override:منتجات الألمنيوم,high,https://alupco.com
شركة ألمنيوم التيسير,Al Taiseer Aluminium - TALCO,التعدين والمعادن والمواد,منطقة الرياض,private,private_override:ألمنيوم التيسير,high,https://altaiseer.com/en
شركة الألمنيوم السعودية,Saudi Aluminium Company,التعدين والمعادن والمواد,منطقة الرياض,private,private_override:الألمنيوم السعودية,high,https://www.saudialuminium.com.sa
شركة هداية السعودية المحدودة,Saudi Hidayath Company Ltd.,الصناعة والتصنيع,منطقة مكة المكرمة,private,default,low,https://www.saudihidayath.com
مصانع الجزيرة للمنتجات الفولاذية,Al-Jazera Factories for Steel Products - JASCO,التعدين والمعادن والمواد,منطقة مكة المكرمة,private,default,low,https://aljazera.com
الشركة المتحدة للصناعة,United Company for Industry - UCI,الصناعة والتصنيع,منطقة الرياض,private,default,low,https://unitedindustry.com
شركة كيان السعودية للبتروكيماويات,Saudi Kayan Petrochemical Company,الدفاع والطيران والفضاء,المنطقة الشرقية,private,default,low,https://www.saudikayan.com/en
شركة سابك للمغذيات الزراعية,SABIC Agri-Nutrients,النفط والغاز والبتروكيماويات,منطقة الرياض,semi_government,semi:سابك,high,https://www.sabic-agrinutrients.com/en
شركة اللجين,Alujain Corporation,النفط والغاز والبتروكيماويات,منطقة الرياض,private,default,low,https://alujain.sa/en
الشركة الوطنية للصناعات البتروكيماوية,National Petrochemical Industrial Company - NATPET,الدفاع والطيران والفضاء,منطقة المدينة المنورة,private,default,low,https://www.natpet.com
الشركة العربية للأمينات,Arabian Amines Company,النفط والغاز والبتروكيماويات,المنطقة الشرقية,private,default,low,https://www.aminat.com.sa
الشركة الخليجية للمواد الكيماوية المضافة,Gulf Stabilizers Industries,الصناعة والتصنيع,المنطقة الشرقية,private,default,low,https://www.gsi.com.sa
لينده سيجاس,Linde-SIGAS,النفط والغاز والبتروكيماويات,المنطقة الشرقية,private,default,low,https://www.linde.sa
غلف كرايو السعودية,Gulf Cryo Saudi Arabia,النفط والغاز والبتروكيماويات,المنطقة الشرقية,private,default,low,https://www.gulfcryo.com/contact
باسف السعودية,BASF Saudi Arabia,النفط والغاز والبتروكيماويات,المنطقة الشرقية,private,default,low,https://www.basf.com/sa/en
سيكا السعودية,Sika Saudi Arabia,النفط والغاز والبتروكيماويات,منطقة الرياض,private,default,low,https://gcc.sika.com/en/sika-gcc/sika-saudi-arabia.html
هنكل بولي بت,Henkel Polybit,النفط والغاز والبتروكيماويات,المنطقة الشرقية,private,default,low,https://www.henkelpolybit.com/en/meta/contact/contact-details.html
إيكولاب السعودية,Ecolab Saudi Arabia,الرعاية الصحية وعلوم الحياة,المنطقة الشرقية,private,default,low,https://en-sa.ecolab.com
الشركة السعودية للكيماويات المتخصصة,Saudi Specialty Chemicals Co. Ltd.,الدفاع والطيران والفضاء,منطقة مكة المكرمة,private,default,low,https://saudi-specialty.com
شركة رضا للصناعات الكيميائية,Reza Chemical Industries,الدفاع والطيران والفضاء,منطقة مكة المكرمة,private,default,low,https://rezachemical.com
الشركة السعودية لصناعة الأنابيب ومستلزماتها,Saudi Plastic Products Company - SAPPCO,التعدين والمعادن والمواد,منطقة الرياض,private,default,low,https://www.sappco.com.sa/SAPPCO/index.php
حماد والمهدر للمحاماة والاستشارات القانونية,Hammad & Al-Mehdar Law Firm,الخدمات المهنية والاستشارية,منطقة الرياض,private,default,low,https://hmco.com.sa/contact/
الغزاوي وشركاه,AlGhazzawi & Partners,الخدمات المهنية والاستشارية,منطقة مكة المكرمة,private,default,low,https://www.ghazzawilawfirm.com
الهرساني والخميس محامون ومستشارون,Harasani & Alkhamees Law Firm,الخدمات المهنية والاستشارية,منطقة الرياض,private,default,low,https://ha-law.sa
مكتب سلمان م. السديري للمحاماة بالتعاون مع لاثام وواتكنز,The Law Firm of Salman M. Al-Sudairi / Latham & Watkins,الخدمات المهنية والاستشارية,منطقة الرياض,private,default,low,https://www.lw.com/en/practices/saudi-arabia-practice
دينتونز العربية للمحاماة,Dentons Arabia Law,الخدمات المهنية والاستشارية,منطقة الرياض,private,default,low,https://www.dentons.com/en/global-presence/middle-east/saudi-arabia/riyadh
بيكر ماكنزي السعودية,Baker McKenzie Law Firm,الخدمات المهنية والاستشارية,منطقة الرياض,private,default,low,https://www.bakermckenzie.com/en/locations/emea/saudi-arabia
وايت آند كيس للمحاماة والاستشارات القانونية,White & Case for Advocacy and Legal Consultations,الخدمات المهنية والاستشارية,منطقة الرياض,private,default,low,https://www.whitecase.com/locations/emea/riyadh
أيه إس آند إتش كليفورد تشانس,AS&H Clifford Chance,الخدمات المهنية والاستشارية,منطقة الرياض,private,default,low,https://www.cliffordchance.com/people_and_places/offices/riyadh.html
كلايد آند كو الرياض,Clyde & Co Riyadh,الخدمات المهنية والاستشارية,منطقة الرياض,private,default,low,https://www.clydeco.com/en/locations/middle-east/riyadh
أدلشو غودارد السعودية,Addleshaw Goddard Saudi Arabia,الخدمات المهنية والاستشارية,منطقة الرياض,private,default,low,https://www.addleshawgoddard.com/en/international/middle-east/kingdom-of-saudi-arabia/
فريشفيلدز الرياض,Freshfields Riyadh,الخدمات المهنية والاستشارية,منطقة الرياض,private,default,low,https://www.freshfields.com/en/locations/middle-east/saudi-arabia/riyadh-office/
نورتن روز فولبرايت الرياض,Norton Rose Fulbright Riyadh,الخدمات المهنية والاستشارية,منطقة الرياض,private,default,low,https://www.nortonrosefulbright.com/en-me/locations/riyadh
إيفرشيدز ساذرلاند الرياض,Eversheds Sutherland Riyadh,الخدمات المهنية والاستشارية,منطقة الرياض,private,default,low,https://www.eversheds-sutherland.com/en/saudi-arabia/locations/offices/riyadh
دي إل إيه بايبر الرياض,DLA Piper Riyadh,الخدمات المهنية والاستشارية,منطقة الرياض,private,default,low,https://www.dlapiper.com/locations/middle-east/riyadh
أشورست الرياض,Ashurst Riyadh,الخدمات المهنية والاستشارية,منطقة الرياض,private,default,low,https://www.ashurst.com/en/our-locations/riyadh/
الحلول المبتكرة,Innovative Solutions,التقنية والاقتصاد الرقمي,منطقة الرياض,private,default,low,https://is.com.sa
هبوب لخدمات وحلول الأمن السيبراني,Haboob,التقنية والاقتصاد الرقمي,منطقة الرياض,private,default,low,https://haboob.sa
مانجد دوت إس إيه,Managed.sa,التقنية والاقتصاد الرقمي,منطقة الرياض,private,default,low,https://www.managed.sa/en
ديفينس سايبرسيكيوريتي,Defense Cybersecurity,التقنية والاقتصاد الرقمي,منطقة الرياض,private,default,low,https://dcybersecurity.sa
هلب إيه جي السعودية,Help AG Saudi Arabia,التقنية والاقتصاد الرقمي,منطقة الرياض,private,default,low,https://www.helpag.com/contact-us/
نورنِت,NourNet,التقنية والاقتصاد الرقمي,منطقة الرياض,private,default,low,https://nour.net.sa/cyber-security/
سايبر نايت السعودية,CyberKnight Saudi Arabia,التقنية والاقتصاد الرقمي,منطقة الرياض,private,default,low,https://cyberknight.tech/about-us/
واتلكورب السعودية,Wattlecorp Saudi Arabia,التقنية والاقتصاد الرقمي,منطقة الرياض,private,default,low,https://www.wattlecorp.com/sa/contact/
رويترز الشرق الأوسط,Rewterz Middle East,التقنية والاقتصاد الرقمي,منطقة الرياض,private,default,low,https://rewterz.com/contact
تمكين للتقنيات,Tamkeen Technologies,التقنية والاقتصاد الرقمي,منطقة الرياض,private,default,low,https://tamkeentech.sa/solution/cyber-security
شركة تحكم التقنية,Technology Control Company - TCC,التقنية والاقتصاد الرقمي,منطقة الرياض,private,default,low,https://www.tcc-ict.com/en
إنفيترا,Envitra,البيئة والاستدامة,منطقة الرياض,private,default,low,https://envitra.sa
يونايتد جلوبال سيرفيسز - تي إم,United Global Services - TM,الخدمات المهنية والاستشارية,المنطقة الشرقية,private,default,low,https://www.tm.sa
أفيردا السعودية الدولية,Averda Saudi International,البيئة والاستدامة,منطقة مكة المكرمة,private,default,low,https://www.averda.com/where-we-operate/saudi-arabia-ksa
الشركة العالمية للخدمات البيئية,Global Environmental Services - IES,التعدين والمعادن والمواد,منطقة الرياض,private,default,low,https://ies.sa
ريفيفا,Reviva,البيئة والاستدامة,منطقة مكة المكرمة,private,default,low,https://reviva.sa
شركة فرز وإعادة تدوير للخ وإعادة تدوير للخدمات البيئية,EADA,البيئة والاستدامة,المنطقة الشرقية,private,default,low,https://eada.sa
حلول نقاء للخدمات البيئية,Naqaa Solutions,البيئة والاستدامة,منطقة مكة المكرمة,private,default,low,https://www.naqaa.com.sa
إدامة للحلول العضوية للخدمات البيئية,Edama Organic Solutions,البيئة والاستدامة,منطقة مكة المكرمة,private,default,low,https://www.edamasolutions.com
شركة الأعمال البيئية المستدامة المحدودة,Sustainable Environmental Works - Al-Mostadama,التعدين والمعادن والمواد,منطقة مكة المكرمة,private,default,low,https://www.al-mostadama.com
سيبكو للبيئة,SEPCO Environment,التعدين والمعادن والمواد,منطقة مكة المكرمة,private,default,low,https://www.sepcoenvironment.com
شركة الراي للخدمات البيئية,Al Rai Environmental Services - RAE,التعدين والمعادن والمواد,منطقة الرياض,private,default,low,https://rae.sa/en
تدوير الجزيرة,Tadwir Al Jazirah,البيئة والاستدامة,المنطقة الشرقية,private,default,low,https://tadwiraljazirah.com.sa
تداوير لإدارة النفايات,Tadawir Waste Management,البيئة والاستدامة,منطقة الرياض,private,default,low,https://tadawir.com
شركة جمع النفايات وإعادة التدوير المحدودة,Waste Collection and Recycling Company - WASCO,البيئة والاستدامة,منطقة مكة المكرمة,private,default,low,https://www.wasco-sa.com
شركة جرين فيجن للمنتجات الورقية,Green Vision Paper Products - EDAMAH,البيئة والاستدامة,المنطقة الشرقية,private,default,low,https://edamah.sa
شركة رقمية للتمويل الجماعي بالدين,Raqamyah,الخدمات المالية,منطقة الرياض,private,default,low,https://raqamyah.com
شركة ليندو السعودية للتمويل,Lendo,الخدمات المالية,منطقة الرياض,private,default,low,https://www.lendo.sa
منافع,Manafa,الخدمات المالية,منطقة الرياض,private,default,low,https://manafa.co
شركة صكوك المالية,Sukuk Capital,الخدمات المالية,منطقة الرياض,private,default,low,https://sukuk.sa
ملاءة,Malaa,الخدمات المالية,منطقة الرياض,private,default,low,https://www.malaa.tech
لين تكنولوجيز السعودية,Lean Technologies Saudi Arabia,التقنية والاقتصاد الرقمي,منطقة الرياض,private,default,low,https://leantech.me/ksa/en
ميسر,Moyasar,الخدمات المالية,منطقة الرياض,private,default,low,https://moyasar.com
هايبر باي,HyperPay,الخدمات المالية,منطقة الرياض,private,default,low,https://www.hyperpay.com
تابي,Tabby,الخدمات المالية,منطقة الرياض,private,default,low,https://tabby.ai/en-SA
شركة تمام للتمويل,Tamam Financing Company,الخدمات المالية,منطقة الرياض,private,default,low,https://tamam.life
هكبة,Hakbah,الخدمات المالية,منطقة الرياض,private,default,low,https://hakbah.sa
شركة سلفة للتمويل,Sulfah Financing Company,الخدمات المالية,منطقة الرياض,private,default,low,https://sulfah.com
لووب,Loop,الخدمات المالية,منطقة الرياض,private,default,low,https://loop.sa
كاشن,Cashin,الخدمات المالية,منطقة الرياض,private,default,low,https://cashin.sa
بترومين,Petromin Corporation,السيارات والتنقل,منطقة مكة المكرمة,private,default,low,https://petromin.com
شركة حاجي حسين علي رضا وشركاه المحدودة,Haji Husein Alireza & Co.,السيارات والتنقل,منطقة مكة المكرمة,private,default,low,https://www.hha.com.sa
ساماكو للسيارات,SAMACO Automotive,السيارات والتنقل,منطقة مكة المكرمة,private,private_override:ساماكو,high,https://www.samaco.com.sa
شركة عبدالله هاشم المحدودة,Abdullah Hashim Company Limited,السيارات والتنقل,منطقة مكة المكرمة,private,default,low,https://www.ahcl.com.sa
شركة العيسى العالمية للسيارات,Alissa Universal Motors,السيارات والتنقل,منطقة الرياض,private,default,low,https://aum.com.sa
مجموعة المتحدة للسيارات,United Motors Group,السيارات والتنقل,منطقة الرياض,private,default,low,https://umc.com.sa
بدجت السعودية,Budget Saudi Arabia,السيارات والتنقل,منطقة مكة المكرمة,private,default,low,https://www.budgetsaudi.com
يلو لتأجير السيارات,Yelo Rent a Car,السيارات والتنقل,منطقة الرياض,private,default,low,https://www.iyelo.com
ذيب لتأجير السيارات,Theeb Rent a Car,السيارات والتنقل,منطقة الرياض,private,default,low,https://www.theebonline.com
لومي لتأجير السيارات,Lumi Rental,السيارات والتنقل,منطقة الرياض,private,default,low,https://lumirental.com
شفت,SHIFT,السيارات والتنقل,منطقة مكة المكرمة,private,default,low,https://www.shiftinc.com
سيارة,Syarah,السيارات والتنقل,منطقة الرياض,private,default,low,https://syarah.com
تلقاني,Telgani,السيارات والتنقل,منطقة الرياض,private,default,low,https://www.telgani.com
إيجارو,Ejaro,السيارات والتنقل,منطقة الرياض,private,default,low,https://ejaro.com
مرني,Morni,السيارات والتنقل,منطقة الرياض,private,default,low,https://morni.com
مساندة لإدارة المرافق,Musanadah Facilities Management,إدارة المرافق والتشغيل,المنطقة الشرقية,private,default,low,https://www.musanadah.com.sa/en/
مجموعة سفاري,Safari Group,إدارة المرافق والتشغيل,منطقة الرياض,private,default,low,https://www.safari.com.sa/
سمامة للتشغيل والإدارة,SAMAMA Operations & Management,إدارة المرافق والتشغيل,منطقة الرياض,private,default,low,https://www.samama.com/index.php/en/business-line/samama-operations-management
محيل لإدارة المرافق,Muheel Facilities Management,إدارة المرافق والتشغيل,منطقة الرياض,private,default,low,https://www.muheel.com/
الشركة السعودية للتجارة والإنشاءات,Saudi Arabian Trading & Construction Company - SATCO,التشييد والهندسة والبنية التحتية,منطقة الرياض,private,default,low,https://satco.sa/satco/integrated-facilities-management/
الشركة السعودية للتجارة والمقاولات - أفراس,Saudi Arabian Trading & Contracting Company - AFRAS,التشييد والهندسة والبنية التحتية,منطقة الرياض,private,default,low,https://afras.com.sa/
السبعان لإدارة المرافق,SABAN Facilities Management,إدارة المرافق والتشغيل,منطقة الرياض,private,default,low,https://www.alsabaan.sa/
مجموعة النصبان,Nasban Group,إدارة المرافق والتشغيل,منطقة الرياض,private,default,low,https://nasban.com.sa/
آسياف للتطوير,Asiaf Development Company,العقار والتطوير الحضري,منطقة الرياض,private,private_override:آسياف للتطوير,high,https://www.asiaf.com.sa/
سيره للتشغيل والصيانة,Seerah Operation & Maintenance,السياحة والضيافة والثقافة,منطقة مكة المكرمة,private,default,low,https://seerah.sa/
إي إف إس آي إم لإدارة المرافق,EFSIM Facilities Management,إدارة المرافق والتشغيل,منطقة الرياض,private,default,low,https://efsim.sa/
داماس لإدارة المرافق,DAMAS Facility Management,إدارة المرافق والتشغيل,منطقة الرياض,private,default,low,https://damas.sa/
بنيان لإدارة المرافق,Bonyan Facilities Management,إدارة المرافق والتشغيل,منطقة الرياض,private,default,low,https://bonyan.com.sa/en/
شركة اليمامة المتقدمة للخدمات الصناعية,Al Yamama Advanced Industrial Services,الصناعة والتصنيع,المنطقة الشرقية,private,default,low,https://www.yais.com.sa/
هومكو للتشغيل والصيانة,HOMCO - Hadya Operation & Maintenance Company,إدارة المرافق والتشغيل,منطقة الرياض,private,default,low,https://www.homco.sa/
تحالف,Tahaluf,الفعاليات وسياحة الأعمال,منطقة الرياض,private,default,low,https://tahaluf.com
شركة الرياض للمعارض المحدودة,Riyadh Exhibitions Company Ltd.,الفعاليات وسياحة الأعمال,منطقة الرياض,private,default,low,https://www.recexpo.com
شركة الظهران الدولية للمعارض - الظهران إكسبو,Dhahran International Exhibitions Company - Dhahran Expo,الفعاليات وسياحة الأعمال,المنطقة الشرقية,private,default,low,https://www.dhahranexpo.com.sa
هايتس لإدارة الفعاليات,Heights,الفعاليات وسياحة الأعمال,منطقة الرياض,private,default,low,https://www.ha.com.sa
بلينك إكسبيرينس,Blink Experience,الفعاليات وسياحة الأعمال,منطقة مكة المكرمة,private,default,low,https://blinkexperience.com
باليش وندر ستوديو السعودية,Balich Wonder Studio KSA,الفعاليات وسياحة الأعمال,منطقة الرياض,private,default,low,https://www.balichwonderstudio.com/en/contacts/
شركة هوادي المحدودة,Hwadi,الفعاليات وسياحة الأعمال,منطقة الرياض,private,default,low,https://www.hwadi.com
دي إم جي إيفنتس السعودية,dmg events Saudi Arabia,الفعاليات وسياحة الأعمال,منطقة الرياض,private,default,low,https://www.dmgevents.com/saudi/
البدر لتنظيم المعارض والمؤتمرات,Al Badr Exhibitions & Conferences,الفعاليات وسياحة الأعمال,منطقة الرياض,private,default,low,https://www.albadr.cc
إكسكو,EXCO,الفعاليات وسياحة الأعمال,منطقة الرياض,private,default,low,https://excosa.net
إكسبوز السعودية,Expo’s KSA,الفعاليات وسياحة الأعمال,منطقة الرياض,private,default,low,https://expos-ksa.com
آيديل إكسبو,Ideal Expo,الفعاليات وسياحة الأعمال,منطقة مكة المكرمة,private,default,low,https://idealexpo-sa.com
أتوز للمعارض والمؤتمرات,Atouz Exhibitions & Conferences,الفعاليات وسياحة الأعمال,منطقة الرياض,private,default,low,https://www.atouz.com/en
ستاند إكسبو لتنظيم المعارض والمؤتمرات,Stand Expo,الفعاليات وسياحة الأعمال,منطقة الرياض,private,default,low,https://standexpo.com.sa
الأنظمة المتخصصة للمعارض والمؤتمرات,Specialized Systems for Exhibitions & Conferences - EXCS,التقنية والاقتصاد الرقمي,منطقة الرياض,private,default,low,https://excs.com.sa
سناد - شركة أرامكو السعودية نابورس للحفر,Saudi Aramco Nabors Drilling - SANAD,النفط والغاز والبتروكيماويات,المنطقة الشرقية,semi_government,semi:أرامكو,high,https://www.sanad.com/en
أرو للحفر,ARO Drilling,النفط والغاز والبتروكيماويات,المنطقة الشرقية,private,default,low,https://www.arodrilling.com/en/index.aspx
الشركة الوطنية لخدمات الطاقة الموحدة,National Energy Services Reunited - NESR,النفط والغاز والبتروكيماويات,المنطقة الشرقية,private,default,low,https://www.nesr.com/location-saudiarabia.html
الشركة العربية للجيوفيزياء والمساحة,Arabian Geophysical & Surveying Company - ARGAS,النفط والغاز والبتروكيماويات,المنطقة الشرقية,private,default,low,https://www.argas.com/
الخريف للبترول,Alkhorayef Petroleum,النفط والغاز والبتروكيماويات,المنطقة الشرقية,private,default,low,https://alkhorayefpetroleum.com/
روابي للنفط والغاز,Rawabi Oil and Gas,النفط والغاز والبتروكيماويات,المنطقة الشرقية,private,default,low,https://www.rawabi.com/companies/rawabi-oil-gas
روابي آرتشر,Rawabi Archer,النفط والغاز والبتروكيماويات,المنطقة الشرقية,private,default,low,https://www.rawabi.com/industries/energy
شركة أداء الحفر,Drilling Performance Company - DPC,النفط والغاز والبتروكيماويات,المنطقة الشرقية,private,default,low,https://www.dpcsaudi.com/
شركة إمدادات وخدمات الطاقة,Energy Supply & Services Company - ESSCO,الطاقة والمرافق والمياه,المنطقة الشرقية,private,default,low,https://essco.com.sa/
شركة الأفق الوطنية للخدمات البترولية,National Horizon Petroleum Services - NHPS,النفط والغاز والبتروكيماويات,المنطقة الشرقية,private,default,low,https://nhps.sa/
شركة حلول وخدمات البترول,Petroleum Solution & Services - PSS,النفط والغاز والبتروكيماويات,المنطقة الشرقية,private,default,low,https://www.pss.com.sa/PSS/
المير للخدمات الفنية السعودية,AlMeer Saudi Technical Services,الخدمات اللوجستية والنقل,المنطقة الشرقية,private,default,low,https://www.almeer-saudi.com/
السعودية نابيسكو,Saudi NAPESCO,النفط والغاز والبتروكيماويات,المنطقة الشرقية,private,default,low,https://napescogroup.com/
ويذرفورد السعودية,Weatherford Saudi Arabia,النفط والغاز والبتروكيماويات,المنطقة الشرقية,private,default,low,https://www.weatherford.com/about-us/locations/
ناين66,Nine66,الترفيه والرياضة والإعلام,منطقة الرياض,private,default,low,https://nine66.gg
إي إس إل فيسيت جروب,ESL FACEIT Group,الترفيه والرياضة والإعلام,منطقة الرياض,private,default,low,https://eslfaceitgroup.com
مؤسسة كأس العالم للرياضات الإلكترونية,Esports World Cup Foundation,الترفيه والرياضة والإعلام,منطقة الرياض,private,default,low,https://esportsworldcup.com/en/about
فريق فالكونز,Team Falcons,الترفيه والرياضة والإعلام,منطقة الرياض,private,default,low,https://www.falcons.sa
تويستد مايندز,Twisted Minds,الترفيه والرياضة والإعلام,منطقة الرياض,private,default,low,https://store.twisminds.gg/pages/about-us
باور للرياضات الإلكترونية,POWR Esports,الترفيه والرياضة والإعلام,منطقة الرياض,private,default,low,https://powr.sa
ذا ألتمتس,The Ultimates,الترفيه والرياضة والإعلام,منطقة الرياض,private,default,low,https://theultimates.gg
سايد السعودية,Side Saudi Arabia,الترفيه والرياضة والإعلام,منطقة الرياض,private,default,low,https://side.inc
سبويلز ستوديو,Spoilz Studio,النفط والغاز والبتروكيماويات,منطقة الرياض,private,default,low,https://www.spoilz.studio
ستارفانيا ستوديو,Starvania Studio,الترفيه والرياضة والإعلام,منطقة الرياض,private,default,low,https://starvania.com
إن جي دي جيمز,NJD Games,الترفيه والرياضة والإعلام,منطقة الرياض,private,default,low,https://www.njdstudio.net
أش جيمز ستوديو,Ash Games Studio,الترفيه والرياضة والإعلام,منطقة الرياض,private,default,low,https://ashgamesstudio.com
نومادرويد,Nomadroid,الترفيه والرياضة والإعلام,منطقة الرياض,private,default,low,https://nomadroid.co
إيفولايت ستوديو,Evolite Studio,الترفيه والرياضة والإعلام,منطقة مكة المكرمة,private,default,low,https://www.evolite-studio.com
جيم ليجندز,Game Legends,الترفيه والرياضة والإعلام,منطقة الرياض,private,default,low,https://www.gamelegendstudio.com
شركة فرص التقنية المالية,Forus,الخدمات المالية,منطقة الرياض,private,default,low,https://forus.io
شركة تويق المالية,Tweeq,الخدمات المالية,منطقة الرياض,private,default,low,https://tweeq.sa
شركة نقدلت,Nqoodlet,الخدمات المالية,منطقة الرياض,private,default,low,https://nqoodlet.com
شركة نير باي,Nearpay,الخدمات المالية,منطقة الرياض,private,default,low,https://nearpay.io
شركة رسن لتقنية المعلومات,Rasan,التقنية والاقتصاد الرقمي,منطقة الرياض,private,default,low,https://rasan.co
شركة أجراس,Ajras,الخدمات المالية,منطقة الرياض,private,default,low,https://ajras.com
شركة كوارا للتمويل,Quara Finance,الخدمات المالية,منطقة الرياض,private,default,low,https://quarafinance.com
شركة إمكان للتمويل,Emkan Finance,الخدمات المالية,منطقة الرياض,private,default,low,https://emkanfinance.com.sa
شركة كوانت للبيانات والتحليلات,Quant,التقنية والاقتصاد الرقمي,منطقة الرياض,private,default,low,https://quant.sa
شركة سي إن تي إكس تي,CNTXT,التقنية والاقتصاد الرقمي,منطقة الرياض,private,default,low,https://cntxt.com
شركة ماستر ووركس,Master Works,التقنية والاقتصاد الرقمي,منطقة الرياض,private,default,low,https://master-works.sa
شركة سكواديو,Squadio,التقنية والاقتصاد الرقمي,منطقة الرياض,private,default,low,https://squadio.com
شركة ويك كاب,WakeCap,التقنية والاقتصاد الرقمي,منطقة الرياض,private,default,low,https://www.wakecap.com
شركة صحارى نت,Sahara Net,التقنية والاقتصاد الرقمي,المنطقة الشرقية,private,default,low,https://www.sahara.com.sa
شركة سايبراني,Cyberani,التقنية والاقتصاد الرقمي,المنطقة الشرقية,private,default,low,https://cyberani.sa
شركة سايفر,Cipher,التقنية والاقتصاد الرقمي,منطقة الرياض,private,default,low,https://cipher.com.sa
شركة سيكيوريتي ماترز,Security Matterz,التقنية والاقتصاد الرقمي,منطقة الرياض,private,default,low,https://www.securitymatterz.com
شركة سيريبرا,Cerebra,التقنية والاقتصاد الرقمي,منطقة الرياض,private,default,low,https://cerebra.sa
شركة هدهد للذكاء الاصطناعي,Hudhud AI,التقنية والاقتصاد الرقمي,منطقة الرياض,private,default,low,https://hudhud.link
شركة رايه للابتكار,RAYH Innovations,الخدمات المهنية والاستشارية,منطقة الرياض,private,default,low,https://rayh.ai
شركة لبيه,Labayh,الرعاية الصحية وعلوم الحياة,منطقة الرياض,private,default,low,https://labayh.net
شركة كيورا,Cura,الرعاية الصحية وعلوم الحياة,منطقة الرياض,private,default,low,https://cura.healthcare
شركة أومت,Aumet,الرعاية الصحية وعلوم الحياة,منطقة الرياض,private,default,low,https://aumet.com
شركة ساري,Sary,التجزئة والتجارة الإلكترونية والخدمات الاستهلاكية,منطقة الرياض,private,default,low,https://sary.com
شركة مرن,Marn,التقنية والاقتصاد الرقمي,منطقة الرياض,private,default,low,https://marn.com
شركة ريد بوكس,RedBox,الخدمات اللوجستية والنقل,منطقة الرياض,private,default,low,https://redboxsa.com
شركة سبيرو,Speero,السيارات والتنقل,منطقة الرياض,private,default,low,https://www.speero.net.sa
شركة ذا شفز,The Chefz,التجزئة والتجارة الإلكترونية والخدمات الاستهلاكية,منطقة الرياض,private,default,low,https://thechefz.co
شركة مرسول,MRSOOL,الخدمات اللوجستية والنقل,منطقة الرياض,private,default,low,https://www.mrsool.co
شركة منجز,Munjz,العقار والتطوير الحضري,منطقة الرياض,private,default,low,https://munjz.com
شركة كلاسيرا,Classera,التقنية والاقتصاد الرقمي,منطقة الرياض,private,default,low,https://classera.com
شركة نون أكاديمي,Noon Academy,التقنية والاقتصاد الرقمي,منطقة الرياض,private,default,low,https://www.learnatnoon.com
شركة رواق,Rwaq,التقنية والاقتصاد الرقمي,منطقة الرياض,private,default,low,https://www.rwaq.org
شركة أعناب,Aanaab,التقنية والاقتصاد الرقمي,منطقة الرياض,private,default,low,https://aanaab.com
شركة الصافي دانون,Al Safi Danone,الغذاء والزراعة والاستزراع المائي,منطقة الرياض,private,default,low,https://www.alsafidanone.com
شركة ذاخر للتطوير,Thakher Development,العقار والتطوير الحضري,منطقة مكة المكرمة,private,private_override:ذاخر للتطوير,high,https://thakher.com
شركة رافال للتطوير العقاري,RAFAL Real Estate,العقار والتطوير الحضري,منطقة الرياض,private,private_override:رافال للتطوير,high,https://rafal.com.sa
شركة الرمز للعقارات,Al Ramz Real Estate,العقار والتطوير الحضري,منطقة الرياض,private,default,low,https://alramzre.com
شركة ميركوت,Myrkott,الترفيه والرياضة والإعلام,منطقة الرياض,private,default,low,https://myrkott.com
شركة يو تيرن,UTURN,الترفيه والرياضة والإعلام,منطقة مكة المكرمة,private,default,low,https://uturn.me
شركة قرنتافاي,Grintafy,الترفيه والرياضة والإعلام,منطقة مكة المكرمة,private,default,low,https://grintafy.com
شركة هلا يلا,HalaYalla,الترفيه والرياضة والإعلام,منطقة الرياض,private,default,low,https://halayalla.com
شركة كافو للألعاب,Kafu Games,الترفيه والرياضة والإعلام,منطقة الرياض,private,default,low,https://kafugames.com
شركة حسيل,Haseel,الغذاء والزراعة والاستزراع المائي,منطقة الرياض,private,default,low,https://haseelapp.com
شركة مزارع البحر الأحمر,Red Sea Farms,العقار والتطوير الحضري,منطقة الرياض,private,default,low,https://www.redseafarms.com
شركة مشاركة المالية,Musharaka Capital,الخدمات المالية,منطقة الرياض,private,default,low,https://musharaka.sa
شركة جسر لإدارة الموارد البشرية,Jisr,التقنية والاقتصاد الرقمي,منطقة الرياض,private,default,low,https://jisr.net
شركة آلات الأعمال السعودية المحدودة,Saudi Business Machines (SBM),التقنية والاتصالات,منطقة الرياض,private,default,low,https://www.sbm.com.sa
شركة تكامل القابضة,Takamol Holding,التقنية والاتصالات,منطقة الرياض,private,default,low,https://www.takamol.sa
شركة عزم السعودية للاتصالات وتقنية المعلومات,Saudi AZM,التقنية والاتصالات,منطقة الرياض,private,default,low,https://azm.com
شركة قيود,Qoyod,التقنية والاتصالات,منطقة الرياض,private,default,low,https://www.qoyod.com
شركة رواء التقنية,Rewaa,التقنية والاتصالات,منطقة الرياض,private,default,low,https://rewaa.com
شركة بيني سوفتوير,Penny Software,التقنية والاتصالات,منطقة الرياض,private,default,low,https://penny.co
شركة هيزن للذكاء الاصطناعي,Hazen.ai,التقنية والاتصالات,منطقة الرياض,private,default,low,https://www.hazen.ai
شركة دراهم المالية,Drahim,التقنية المالية والخدمات المالية,منطقة الرياض,private,default,low,https://drahim.sa
شركة لمه القابضة,Lamaa,التقنية المالية والخدمات المالية,منطقة الرياض,private,default,low,https://lamaa.sa
شركة رايز,Rize,التقنية المالية والخدمات المالية,منطقة الرياض,private,default,low,https://rize.sa
شركة تمرة المالية,Tamra Capital,التقنية المالية والخدمات المالية,منطقة الرياض,private,default,low,https://www.tamracapital.sa
شركة سهم كابيتال المالية,Sahm Capital,التقنية المالية والخدمات المالية,منطقة الرياض,private,default,low,https://www.sahmcapital.com
شركة برق المالية,Barq,التقنية المالية والخدمات المالية,منطقة الرياض,private,default,low,https://barq.com
شركة ترُكّر,TruKKer,الخدمات اللوجستية والنقل,منطقة الرياض,private,default,low,https://www.trukker.com
شركة أجكس للخدمات اللوجستية,AJEX Logistics,الخدمات اللوجستية والنقل,منطقة الرياض,private,default,low,https://www.aj-ex.com
شركة لوجي بوينت,LogiPoint,الخدمات اللوجستية والنقل,منطقة مكة المكرمة,private,default,low,https://www.logipoint.sa
البريد السعودي | سبل,Saudi Post | SPL,الخدمات اللوجستية والنقل,منطقة الرياض,private,default,low,https://splonline.com.sa
شركة الخرسانة السعودية الجاهزة,Saudi Readymix,التصنيع والصناعة,المنطقة الشرقية,private,default,low,https://www.saudireadymix.com.sa
شركة نابكو الوطنية,Napco National,التصنيع والصناعة,المنطقة الشرقية,private,default,low,https://www.napconational.com
شركة الأسمنت العربية,Arabian Cement Company,التصنيع والصناعة,منطقة مكة المكرمة,private,default,low,https://arabiancement.com.sa
شركة أسمنت نجران,Najran Cement,التصنيع والصناعة,منطقة نجران,private,default,low,https://najrancement.com
شركة أسمنت المدينة,City Cement,التصنيع والصناعة,منطقة الرياض,private,default,low,https://citycement.sa
شركة أسمنت تبوك,Tabuk Cement Company,التصنيع والصناعة,منطقة تبوك,private,default,low,https://www.tcc-sa.com
شركة الصناعات الميكانيكية السعودية,Saudi Mechanical Industries (SMI),التصنيع والصناعة,منطقة الرياض,private,default,low,https://www.smi.com.sa
شركة ملحقات ومكونات الطائرات,Aircraft Accessories and Components Company (AACC),الدفاع والطيران,منطقة مكة المكرمة,private,default,low,https://www.aacc-ltd.com
شركة الزامل للخدمات البحرية,Zamil Offshore,الطاقة والمياه والاستدامة,المنطقة الشرقية,private,private_override:الزامل للخدمات البحرية,high,https://www.zamiloffshore.com
الشركة العالمية للمقاولات المتخصصة,IHCC,المقاولات والبنية التحتية,منطقة مكة المكرمة,private,default,low,https://www.ihcc.sa
شركة محمد علي السويلم للتجارة والمقاولات,MASCO,المقاولات والبنية التحتية,منطقة الرياض,private,default,low,https://www.masco.com.sa
شركة دار وإعمار للتطوير والاستثمار العقاري,Dar Wa Emaar,العقار والتطوير الحضري,المنطقة الشرقية,private,private_override:دار وإعمار للتطوير,high,https://darwaemaar.com
شركة تطبيق عقار,Aqar,العقار والتطوير الحضري,منطقة الرياض,private,default,low,https://sa.aqar.fm
شركة عقار 360,Aqar360,العقار والتطوير الحضري,منطقة الرياض,private,default,low,https://www.aqar360.com.sa
شركة أمسا للضيافة,Amsa Hospitality,السياحة والضيافة والترفيه,منطقة الرياض,private,default,low,https://www.amsahospitality.com
شركة مرواس,Merwas,الإعلام والصناعات الإبداعية,منطقة الرياض,private,default,low,https://merwas.sa
مجموعة ذا بولد,The Bold Group,الإعلام والصناعات الإبداعية,منطقة الرياض,private,default,low,https://bold.com.sa
كيان كافيه,Kyan Cafe,الأغذية والزراعة,منطقة الرياض,private,default,low,https://kyancafe.com
شركة كالو,Calo,الأغذية والزراعة,منطقة الرياض,private,default,low,https://calo.app
شركة نوق,Noug,الأغذية والزراعة,منطقة الرياض,private,default,low,https://www.sweetnoug.com
شركة سعودي فاكس,SaudiVax,الصحة وعلوم الحياة,منطقة الرياض,private,default,low,https://saudivax.com
شركة سقالة للرعاية الصحية,Cigalah Healthcare,الصحة وعلوم الحياة,منطقة مكة المكرمة,private,default,low,https://order.cigalah.com.sa
شركة الغورو,AlGooru,التعليم وتنمية القدرات,منطقة الرياض,private,default,low,https://algooru.com
شركة بيمز,Baims,التعليم وتنمية القدرات,منطقة الرياض,private,default,low,https://www.baims.com
شركة كياني,Kayanee,الرياضة وجودة الحياة,منطقة الرياض,private,default,low,https://kayanee.com
شركة بيور هارفست سمارت فارمز,Pure Harvest Smart Farms,الأغذية والزراعة,منطقة الرياض,private,default,low,https://www.pureharvestfarms.com
